0,Sergio Meyer
1,Christopher Jackson
2,Melinda Baker
3,Stephen Santos
4,Kimberly Whitney
5,Amber Gonzalez
6,Jennifer Jackson
7,Steven Bradley
8,Brittany Jackson
9,Christopher Ibarra
10,Anthony Perez
11,Kimberly Wallace
12,Ashley Martinez
13,Angelica Smith
14,Kara Martin
15,Jodi Walker
16,Catherine Marsh
17,Eric Casey
18,Mike Bailey
19,Richard Brooks
20,Gloria Cook
21,Sarah Lopez
22,Mark Brooks
23,Denise Wilkins
24,Joseph Smith
25,Christopher Cooper
26,Sandra Rogers
27,Samuel Ruiz
28,Thomas Garcia
29,Adam Alvarado
30,Greg Mcgee
31,Brenda Baird
32,Felicia Watson
33,James Patel
34,Ashley Arellano
35,John Moreno
36,Michael Mills
37,Natasha Cook
38,Thomas Medina
39,Isaiah Hoover
40,Denise Schultz
41,Casey Rosario
42,James Smith
43,Natalie Herrera
44,Kristen Anderson
45,Theresa Davis MD
46,Todd Matthews
47,Vanessa Mullen
48,Andrew Ramsey
49,Jacob Rush
50,Kevin Quinn
51,Brian Gallegos
52,Mark Lopez
53,Timothy Diaz
54,Kristin Friedman
55,Charles Foster
56,Katherine Parsons
57,Regina Alexander
58,Pamela Perry
59,Christian Perez
60,Paige Weiss
61,Brenda Mcdaniel
62,Lynn Scott
63,Hannah Hall
64,Tara Bright
65,Gina Mcknight
66,Joshua Nelson
67,Jeffrey Johnson
68,Joshua Hamilton
69,Ryan Vasquez
70,Shelby Rosales
71,Daniel Salazar
72,Jennifer Perez
73,Melanie Pollard
74,Christy Cameron
75,Kenneth Olson
76,Charles Williams
77,Kim Figueroa
78,Lisa Ross
79,Bethany Davis
80,Keith Sharp
81,Regina White
82,Maria Martinez
83,Emma Mckenzie
84,Kimberly Luna
85,Nathan Smith
86,Anthony Cox
87,Daniel Torres
88,Vincent Lucas
89,Samantha Page DDS
90,Holly Reese
91,Brendan Navarro
92,Jeffrey Prince
93,Kendra Mack
94,Jeffery Solis
95,Andrew Walker
96,Nicholas Day
97,Tanner Smith
98,Bonnie Khan
99,Chad Wilson PhD
