,name
0,3D Systems Corporation
1,3M Company
2,500.com Limited
3,58.com Inc.
4,A.H. Belo Corporation
5,"A10 Networks, Inc."
6,"AAC Holdings, Inc."
7,AAR Corp.
8,"Aaron&#39;s,  Inc."
9,ABB Ltd
10,Abbott Laboratories
11,AbbVie Inc.
12,Abercrombie & Fitch Company
13,"Aberdeen Greater China Fund, Inc."
14,"Aberdeen Japan Equity Fund, Inc. "
15,"Aberdeen Singapore Fund, Inc."
16,ABM Industries Incorporated
17,Acadia Realty Trust
18,Accenture plc
19,Acco Brands Corporation
20,Accuride Corporation New
21,"Acorn International, Inc."
22,Actuant Corporation
23,Acuity Brands Inc
24,"Adams Diversified Equity Fund, Inc."
25,"Adams Natural Resources Fund, Inc."
26,Adecoagro S.A.
27,Adeptus Health Inc.
28,Advance Auto Parts Inc
29,"Advanced Drainage Systems, Inc."
30,"Advanced Semiconductor Engineering, Inc."
31,"AdvancePierre Foods Holdings, Inc."
32,Advantage Oil & Gas Ltd
33,Advent Claymore Convertible Securities and Income Fund
34,Advent Claymore Convertible Securities and Income Fund II
35,Advent/Claymore Enhanced Growth & Income Fund
36,AECOM
37,Aegean Marine Petroleum Network Inc.
38,Aegon NV
39,Aercap Holdings N.V.
40,"Aerohive Networks, Inc."
41,"Aerojet Rocketdyne Holdings, Inc. "
42,Aetna Inc.
43,"Affiliated Managers Group, Inc."
44,Aflac Incorporated
45,"AG Mortgage Investment Trust, Inc."
46,AGCO Corporation
47,"Agilent Technologies, Inc."
48,Agnico Eagle Mines Limited
49,Agree Realty Corporation
50,Agria Corporation
51,Agrium Inc.
52,Air Lease Corporation
53,"Air Products and Chemicals, Inc."
54,Aircastle Limited
55,AK Steel Holding Corporation
56,Alabama Power Company
57,"Alamo Group, Inc."
58,Alamos Gold Inc.
59,"Alaska Air Group, Inc."
60,Albany International Corporation
61,Albemarle Corporation
62,Alcoa Inc.
63,Alere Inc.
64,"Alexander & Baldwin Holdings, Inc."
65,"Alexander&#39;s, Inc."
66,"Alexandria Real Estate Equities, Inc."
67,Alibaba Group Holding Limited
68,Alleghany Corporation
69,Allegheny Technologies Incorporated
70,Allegion plc
71,Allergan plc.
72,"Allete, Inc."
73,Alliance California Municipal Income Fund Inc
74,Alliance Data Systems Corporation
75,Alliance National Municipal Income Fund Inc
76,"Alliance One International, Inc."
77,Alliance World Dollar Government Fund II
78,AllianceBernstein Holding L.P.
79,Alliant Energy Corporation
80,AllianzGI Convertible & Income Fund
81,AllianzGI Convertible & Income Fund II
82,AllianzGI Diversified Income & Convertible Fund
83,AllianzGI Equity & Convertible Income Fund
84,"AllianzGI NFJ Dividend, Interest & Premium Strategy Fund"
85,"Allied World Assurance Company Holdings, AG"
86,"Allison Transmission Holdings, Inc."
87,Allstate Corporation (The)
88,Ally Financial Inc.
89,"Alon USA Energy, Inc."
90,"Alon USA Partners, LP"
91,Alpine Global Dynamic Dividend Fund
92,Alpine Global Premier Properties Fund
93,Alpine Total Dynamic Dividend Fund
94,Altisource Residential Corporation
95,Altria Group
96,Aluminum Corporation of China Limited
97,"Amber Road, Inc."
98,Ambev S.A.
99,"AMC Entertainment Holdings, Inc."
100,Amec Plc Ord
101,Ameren Corporation
102,"Ameresco, Inc."
103,"America Movil, S.A.B. de C.V."
104,"American Assets Trust, Inc."
105,"American Axle & Manufacturing Holdings, Inc."
106,American Campus Communities Inc
107,"American Eagle Outfitters, Inc."
108,"American Electric Power Company, Inc."
109,American Equity Investment Life Holding Company
110,American Express Company
111,"American Financial Group, Inc."
112,American Homes 4 Rent
113,"American International Group, Inc."
114,"American Midstream Partners, LP"
115,"American Realty Investors, Inc."
116,"American Renal Associates Holdings, Inc"
117,American States Water Company
118,American Tower Corporation (REIT)
119,American Vanguard Corporation
120,American Water Works
121,"AmeriGas Partners, L.P."
122,"AMERIPRISE FINANCIAL SERVICES, INC."
123,AmerisourceBergen Corporation (Holding Co)
124,Amira Nature Foods Ltd
125,AMN Healthcare Services Inc
126,Ampco-Pittsburgh Corporation
127,Amphenol Corporation
128,"Amplify Snack Brands, inc."
129,AMREP Corporation
130,"AMTEK, Inc."
131,"AmTrust Financial Services, Inc."
132,Anadarko Petroleum Corporation
133,AngloGold Ashanti Limited
134,Anheuser-Busch Inbev SA
135,Anixter International Inc.
136,Annaly Capital Management Inc
137,Antero Midstream Partners LP
138,Antero Resources Corporation
139,"Anthem, Inc."
140,Anworth Mortgage Asset  Corporation
141,Aon plc
142,Apache Corporation
143,Apartment Investment and Management Company
144,Apollo Commercial Real Estate Finance
145,"Apollo Global Management, LLC"
146,Apollo Investment Corporation
147,"Apollo Residential Mortgage, Inc."
148,Apollo Senior Floating Rate Fund Inc.
149,Apollo Tactical Income Fund Inc.
150,"Apple Hospitality REIT, Inc."
151,"Applied Industrial Technologies, Inc."
152,"AptarGroup, Inc."
153,"Aqua America, Inc."
154,Aramark
155,Arbor Realty Trust
156,"ARC Document Solutions, Inc."
157,Arc Logistic Partners LP
158,ArcelorMittal
159,Arch Capital Group Ltd.
160,Archer-Daniels-Midland Company
161,"Archrock, Inc."
162,Arcos Dorados Holdings Inc.
163,Ardmore Shipping Corporation
164,Ares Capital Corporation
165,Ares Commercial Real Estate Corporation
166,"Ares Dynamic Credit Allocation Fund, Inc."
167,Ares Management L.P.
168,"Argan, Inc."
169,"Arista Networks, Inc."
170,Arlington Asset Investment Corp
171,"Armada Hoffler Properties, Inc."
172,"ARMOUR Residential REIT, Inc."
173,"Armstrong Flooring, Inc."
174,Armstrong World Industries Inc
175,"Arrow Electronics, Inc."
176,Arthur J. Gallagher & Co.
177,Artisan Partners Asset Management Inc.
178,ASA Gold and Precious Metals Limited
179,Asbury Automotive Group Inc
180,"Ashford Hospitality Prime, Inc."
181,Ashford Hospitality Trust Inc
182,Ashland Inc.
183,"Asia Pacific Fund, Inc. (The)"
184,"Asia Tigers Fund, Inc. (The)"
185,"Aspen Aerogels, Inc."
186,Aspen Insurance Holdings Limited
187,Associated Banc-Corp
188,"Associated Capital Group, Inc."
189,"Assurant, Inc."
190,Assured Guaranty Ltd.
191,Astoria Financial Corporation
192,Astrazeneca PLC
193,At Home Group Inc.
194,AT&T Inc.
195,Atento S.A.
196,Atkore International Group Inc.
197,Atlantic Power Corporation
198,Atmos Energy Corporation
199,"Atwood Oceanics, Inc."
200,AU Optronics Corp
201,Autohome Inc.
202,"Autoliv, Inc."
203,"AutoNation, Inc."
204,"AutoZone, Inc."
205,"AvalonBay Communities, Inc."
206,"Avangrid, Inc."
207,Avenue Income Credit Strategies Fund
208,Avery Dennison Corporation
209,AVG Technologies N.V.
210,Avianca Holdings S.A.
211,Avista Corporation
212,Aviva plc
213,"Avnet, Inc."
214,"Avon Products, Inc."
215,AVX Corporation
216,Axalta Coating Systems Ltd.
217,Axiall Corporation
218,Axis Capital Holdings Limited
219,AZZ Inc.
220,"B&G Foods, Inc."
221,Babcock
222,Babson Capital Corporate Investors
223,Babson Capital Global Short Duration High Yield Fund
224,Babson Capital Participation Investors
225,"Badger Meter, Inc."
226,Baker Hughes Incorporated
227,BalckRock Taxable Municipal Bond Trust
228,Ball Corporation
229,Baltimore Gas & Electric Company
230,"Banc of California, Inc."
231,Banco Bilbao Viscaya Argentaria S.A.
232,Banco Bradesco Sa
233,Banco De Chile
234,"Banco Latinoamericano de Comercio Exterior, S.A."
235,Banco Santander Brasil SA
236,Banco Santander Chile
237,"Banco Santander, S.A."
238,BanColombia S.A.
239,"BancorpSouth, Inc."
240,Bank of America Corporation
241,Bank of Hawaii Corporation
242,Bank Of Montreal
243,Bank Of New York Mellon Corporation (The)
244,Bank of Nova Scotia (The)
245,"Bankrate, Inc."
246,"BankUnited, Inc."
247,Barclays PLC
248,"Barnes & Noble Education, Inc"
249,"Barnes & Noble, Inc."
250,"Barnes Group, Inc."
251,"Barracuda Networks, Inc."
252,Barrick Gold Corporation
253,"Basic Energy Services, Inc."
254,Baxter International Inc.
255,Baytex Energy Corp
256,BB&T Corporation
257,BBVA Banco Frances S.A.
258,BBX Capital Corporation
259,"BCE, Inc."
260,"Beazer Homes USA, Inc."
261,"Becton, Dickinson and Company"
262,Belden Inc
263,Bellatrix Exploration Ltd
264,Belmond Ltd.
265,"Bemis Company, Inc."
266,"Benchmark Electronics, Inc."
267,Berkshire Hathaway Inc.
268,"Berkshire Hills Bancorp, Inc."
269,"Best Buy Co., Inc."
270,"BGC Partners, Inc."
271,BHP Billiton Limited
272,BHP Billiton plc
273,"Big Lots, Inc."
274,Biglari Holdings Inc.
275,Bill Barrett Corporation
276,BioAmber Inc.
277,"Bio-Rad Laboratories, Inc."
278,Bitauto Holdings Limited
279,Black Hills Corporation
280,"Black Knight Financial Services, Inc."
281,"Black Stone Minerals, L.P."
282,Blackrock California Municipal 2018 Term Trust
283,BlackRock California Municipal Income Trust
284,Blackrock Capital and Income Strategies Fund Inc
285,Blackrock Core Bond Trust
286,"Blackrock Corporate High Yield Fund, Inc."
287,BlackRock Credit Allocation Income Trust
288,"Blackrock Debt Strategies Fund, Inc."
289,Blackrock Defined Opportunity Credit Trust
290,BlackRock Energy and Resources Trust
291,Blackrock Enhanced Equity Dividend Trust
292,"Blackrock Enhanced Government Fund, Inc"
293,Blackrock Floating Rate Income Strategies Fund Inc
294,Blackrock Florida Municipal 2020 Term Trust
295,Blackrock Global
296,Blackrock Health Sciences Trust
297,BlackRock Income Investment Quality Trust
298,BlackRock Income Trust Inc. (The)
299,"BLACKROCK INTERNATIONAL, LTD."
300,BlackRock Investment Quality Municipal Trust Inc. (The)
301,BlackRock Long-Term Municipal Advantage Trust
302,BlackRock Multi-Sector Income Trust
303,Blackrock Muni Intermediate Duration Fund Inc
304,Blackrock Muni New York Intermediate Duration Fund Inc
305,"Blackrock MuniAssets Fund, Inc."
306,Blackrock Municipal 2018 Term Trust
307,Blackrock Municipal 2020 Term Trust
308,Blackrock Municipal Bond Trust
309,BlackRock Municipal Income Investment Trust
310,Blackrock Municipal Income Quality Trust
311,BlackRock Municipal Income Trust
312,BlackRock Municipal Target Term Trust Inc. (The)
313,"Blackrock MuniEnhanced Fund, Inc."
314,"Blackrock MuniHoldings California Quality Fund,  Inc."
315,"Blackrock MuniHoldings Fund II, Inc."
316,"Blackrock MuniHoldings Fund, Inc."
317,Blackrock MuniHoldings Investment Quality Fund
318,"Blackrock MuniHoldings New Jersey Insured Fund, Inc."
319,"Blackrock MuniHoldings New York Quality Fund, Inc."
320,"Blackrock MuniHoldings Quality Fund II, Inc."
321,"Blackrock MuniHoldings Quality Fund, Inc."
322,"Blackrock MuniVest Fund II, Inc."
323,"Blackrock MuniYield California Fund, Inc."
324,"Blackrock MuniYield California Insured Fund, Inc."
325,"Blackrock MuniYield Fund, Inc."
326,Blackrock MuniYield Investment Fund
327,Blackrock MuniYield Investment QualityFund
328,"Blackrock MuniYield Michigan Quality Fund, Inc."
329,"Blackrock MuniYield New Jersey Fund, Inc."
330,"Blackrock MuniYield New York Quality Fund, Inc."
331,Blackrock MuniYield Pennsylvania Quality Fund
332,"Blackrock MuniYield Quality Fund II, Inc."
333,"Blackrock MuniYield Quality Fund III, Inc."
334,"Blackrock MuniYield Quality Fund, Inc."
335,BlackRock New Jersey Municipal Income Trust
336,BlackRock New York Investment Quality Municipal Trust Inc. (Th
337,Blackrock New York Municipal 2018 Term Trust
338,Blackrock New York Municipal Bond Trust
339,Blackrock New York Municipal Income Quality Trust
340,BlackRock Resources
341,BlackRock Science and Technology Trust
342,BlackRock Strategic Municipal Trust Inc. (The)
343,BlackRock Utility and Infrastructure Trust
344,"BlackRock, Inc."
345,Blackstone / GSO Strategic Credit Fund
346,Blackstone GSO Long Short Credit Income Fund
347,Blackstone GSO Senior Floating Rate Term Fund
348,Blue Capital Reinsurance Holdings Ltd.
349,BlueLinx Holdings Inc.
350,Boardwalk Pipeline Partners L.P.
351,Boeing Company (The)
352,"Boise Cascade, L.L.C."
353,"Bonanza Creek Energy, Inc."
354,"Boot Barn Holdings, Inc."
355,Booz Allen Hamilton Holding Corporation
356,BorgWarner Inc.
357,"Boston Beer Company, Inc. (The)"
358,"Boston Properties, Inc."
359,Boston Scientific Corporation
360,"Box, Inc."
361,Boyd Gaming Corporation
362,BP p.l.c.
363,BP Prudhoe Bay Royalty Trust
364,BPC Acquisition Corp
365,Brady Corporation
366,Brandywine Realty Tr
367,Brandywine Realty Trust
368,Brasilagro Cia Brasileira De Propriedades Agricolas
369,Braskem S.A.
370,BRF S.A.
371,"Bridgepoint Education, Inc."
372,Briggs & Stratton Corporation
373,Bright Horizons Family Solutions Inc.
374,"Brinker International, Inc."
375,Brink&#39;s Company (The)
376,Bristol-Myers Squibb Company
377,Bristow Group Inc
378,Brixmor Property Group Inc.
379,"Broadridge Financial Solutions, Inc."
380,Brookdale Senior Living Inc.
381,Brookfield Asset Management Inc
382,Brookfield Business Partners L.P.
383,Brookfield Canada Office Properties
384,Brookfield DTLA Inc.
385,Brookfield Global Listed Infrastructure Income Fund
386,Brookfield High Income Fund Inc.
387,Brookfield Infrastructure Partners LP
388,Brookfield Mortgage Opportunity Income Fund Inc.
389,Brookfield Property Partners L.P.
390,Brookfield Renewable Partners L.P.
391,Brookfield Total Return Fund Inc.
392,"Brown & Brown, Inc."
393,Brown Forman Corporation
394,BRT Realty Trust
395,Brunswick Corporation
396,BT Group plc
397,Buckeye Partners L.P.
398,"Buckle, Inc. (The)"
399,Buenaventura Mining Company Inc.
400,"Build-A-Bear Workshop, Inc."
401,Bunge Limited
402,"Burlington Stores, Inc."
403,"BWX Technologies, Inc."
404,"C.R. Bard, Inc."
405,CABCO Series 2004-101 Trust
406,Cabela&#39;s Inc
407,"Cable One, Inc."
408,Cabot Corporation
409,Cabot Oil & Gas Corporation
410,"CACI International, Inc."
411,CAE Inc
412,"CAI International, Inc."
413,"CalAtlantic Group, Inc."
414,"Caleres, Inc."
415,Calgon Carbon Corporation
416,California Resources Corporation
417,California Water  Service Group Holding
418,"Calix, Inc"
419,Callaway Golf Company
420,Callon Petroleum Company
421,Calpine Corporation
422,Cambrex Corporation
423,Camden Property Trust
424,Cameco Corporation
425,Campbell Soup Company
426,Canadian Imperial Bank of Commerce
427,Canadian National Railway Company
428,Canadian Natural Resources Limited
429,Canadian Pacific Railway Limited
430,"Canon, Inc."
431,Cantel Medical Corp.
432,Capital One Financial Corporation
433,Capital Senior Living Corporation
434,"Capital Trust, Inc."
435,Capitala Finance Corp.
436,Capstead Mortgage Corporation
437,"Carbo Ceramics, Inc."
438,"Cardinal Health, Inc."
439,"Care Capital Properties, Inc."
440,"Care.com, Inc."
441,Carlisle Companies Incorporated
442,CarMax Inc
443,Carnival Corporation
444,Carpenter Technology Corporation
445,"Carriage Services, Inc."
446,"Carter&#39;s, Inc."
447,"Cash America International, Inc."
448,Castle (A.M.) & Co.
449,"Castlight Health, inc."
450,"Catalent, Inc."
451,"CatchMark Timber Trust, Inc."
452,"Caterpillar, Inc."
453,Cato Corporation (The)
454,"CBIZ, Inc."
455,"CBL & Associates Properties, Inc."
456,CBO (Listing Market - NYSE - Networks A/E)
457,CBRE Clarion Global Real Estate Income Fund
458,"CBRE Group, Inc."
459,CBS Corporation
460,CBX (Listing Market NYSE Networks AE
461,CDI Corporation
462,CEB Inc.
463,"Cedar Fair, L.P."
464,"Cedar Realty Trust, Inc."
465,"Celadon Group, Inc."
466,Celanese Corporation
467,"Celestica, Inc."
468,"Cellcom Israel, Ltd."
469,Cementos Pacasmayo S.A.A.
470,Cemex S.A.B. de C.V.
471,Cencosud S.A.
472,Cenovus Energy Inc
473,Centene Corporation
474,Center Coast MLP & Infrastructure Fund
475,"CenterPoint Energy, Inc."
476,"Central Europe, Russia and Turkey Fund, Inc. (The)"
477,"Century Communities, Inc."
478,"CenturyLink, Inc."
479,Cenveo Inc
480,"CF Industries Holdings, Inc."
481,CGG
482,"CGI Group, Inc."
483,ChannelAdvisor Corporation
484,"Charles River Laboratories International, Inc."
485,Chatham Lodging Trust (REIT)
486,Cheetah Mobile Inc.
487,"Chegg, Inc."
488,Chemed Corp.
489,Chemours Company (The)
490,Chemtura Corp.
491,Cherry Hill Mortgage Investment Corporation
492,Chesapeake Energy Corporation
493,Chesapeake Granite Wash Trust
494,Chesapeake Lodging Trust
495,Chesapeake Utilities Corporation
496,Chevron Corporation
497,Chicago Bridge & Iron Company N.V.
498,"Chico&#39;s FAS, Inc."
499,Chimera Investment Corporation
500,China Cord Blood Corporation
501,"China Digital TV Holding Co., Ltd."
502,China Distance Education Holdings Limited
503,China Eastern Airlines Corporation Ltd.
504,"China Fund, Inc. (The)"
505,"China Green Agriculture, Inc."
506,China Life Insurance Company Limited
507,China Mobile (Hong Kong) Ltd.
508,China New Borun Corporation
509,China Online Education Group
510,China Petroleum & Chemical Corporation
511,China Southern Airlines Company Limited
512,China Telecom Corp Ltd
513,China Unicom (Hong Kong) Ltd
514,China Xiniya Fashion Limited
515,China Yuchai International Limited
516,China Zenix Auto International Limited
517,"Chipotle Mexican Grill, Inc."
518,"Choice Hotels International, Inc."
519,Christopher & Banks Corporation
520,"Chunghwa Telecom Co., Ltd."
521,"Church & Dwight Company, Inc."
522,"Ciber, Inc."
523,Ciena Corporation
524,Cigna Corporation
525,Cimarex Energy Co
526,Cincinnati Bell Inc
527,Cinemark Holdings Inc
528,Ciner Resources LP
529,"CIRCOR International, Inc."
530,CIT Group Inc (DEL)
531,Citigroup Inc.
532,"Citizens Financial Group, Inc."
533,"Citizens, Inc."
534,"City Office REIT, Inc."
535,Civeo Corporation
536,"Civitas Solutions, Inc."
537,CLARCOR Inc.
538,"Clayton Williams Energy, Inc."
539,"Clean Harbors, Inc."
540,"Clear Channel Outdoor Holdings, Inc."
541,ClearBridge American Energy MLP Fund Inc.
542,ClearBridge Energy MLP Fund Inc.
543,ClearBridge Energy MLP Opportunity Fund Inc.
544,ClearBridge Energy MLP Total Return Fund Inc.
545,Clearwater Paper Corporation
546,Cliffs Natural Resources Inc.
547,Clorox Company (The)
548,Cloud Peak Energy Inc
549,"ClubCorp Holdings, Inc."
550,CMS Energy Corporation
551,CNA Financial Corporation
552,CNH Industrial N.V.
553,"CNO Financial Group, Inc."
554,CNOOC Limited
555,CNX Coal Resources LP
556,"Coach, Inc."
557,"Cobalt International Energy, Inc."
558,Coca Cola Femsa S.A.B. de C.V.
559,Coca-Cola Company (The)
560,Coca-Cola European Partners plc
561,"Coeur Mining, Inc."
562,"Cohen & Steers Closed-End Opportunity Fund, Inc."
563,"Cohen & Steers Global Income Builder, Inc."
564,Cohen & Steers Inc
565,"Cohen & Steers Infrastructure Fund, Inc"
566,"Cohen & Steers Limited Duration Preferred and Income Fund, Inc"
567,"Cohen & Steers MLP Income and Energy Opportunity Fund, Inc."
568,Cohen & Steers Quality Income Realty Fund Inc
569,Cohen & Steers Reit and Preferred Income Fund Inc
570,"Cohen & Steers Select Preferred and Income Fund, Inc."
571,"Cohen & Steers Total Return Realty Fund, Inc."
572,Colfax Corporation
573,Colgate-Palmolive Company
574,Colonial High Income Municipal Trust
575,Colonial Intermediate High Income Fund
576,Colonial Investment Grade Municipal Trust
577,Colonial Municipal Income Trust
578,"Colony Capital, Inc"
579,Colony Starwood Homes
580,Columbia Pipeline Partners LP
581,"Columbia Property Trust, Inc."
582,"Columbia Seligman Premium Technology Growth Fund, Inc"
583,Comcast Corporation
584,Comerica Incorporated
585,"Comfort Systems USA, Inc."
586,Commercial Metals Company
587,"Community Bank System, Inc."
588,"Community Health Systems, Inc."
589,Community Healthcare Trust Incorporated
590,Comp En De Mn Cemig ADS
591,Companhia Brasileira de Distribuicao
592,Companhia de saneamento Basico Do Estado De Sao Paulo - Sabesp
593,Companhia Paranaense de Energia (COPEL)
594,"Compania Cervecerias Unidas, S.A."
595,Compass Diversified Holdings
596,"Compass Minerals International, Inc."
597,Computer Sciences Corporation
598,"Comstock Resources, Inc."
599,"ConAgra Foods, Inc."
600,Concho Resources Inc.
601,Concord Medical Services Holdings Limited
602,Cone Midstream Partners LP
603,ConocoPhillips
604,CONSOL Energy Inc.
605,Consolidated Edison Inc
606,Constellation Brands Inc
607,Constellium N.V.
608,Container Store (The)
609,"Continental Building Products, Inc."
610,"Continental Resources, Inc."
611,"Controladora Vuela Compania de Aviacion, S.A.B. de C.V."
612,Convergys Corporation
613,"Cooper Companies, Inc. (The)"
614,Cooper Tire & Rubber Company
615,Cooper-Standard Holdings Inc.
616,"Copa Holdings, S.A."
617,Core Laboratories N.V.
618,"CoreLogic, Inc."
619,"CorEnergy Infrastructure Trust, Inc."
620,CoreSite Realty Corporation
621,Corning Incorporated
622,Corporate Asset Backed Corp CABCO
623,Corporate Office Properties Trust
624,Corrections Corporation of America
625,Cosan Limited
626,Costamare Inc.
627,"Cotiviti Holdings, Inc."
628,Cott Corporation
629,Coty Inc.
630,Countrywide Financial Corporation
631,Cousins Properties Incorporated
632,Covanta Holding Corporation
633,CPB Inc.
634,CPFL Energia S.A.
635,Crane Company
636,Crawford & Company
637,Credicorp Ltd.
638,Credit Suisse Group
639,Crescent Point Energy Corporation
640,Crestwood Equity Partners LP
641,CRH PLC
642,Cross Timbers Royalty Trust
643,CrossAmerica Partners LP
644,Crown Castle International Corporation
645,"Crown Holdings, Inc."
646,"CryoLife, Inc."
647,CSRA Inc.
648,"CSS Industries, Inc."
649,"CST Brands, Inc."
650,CTS Corporation
651,CubeSmart
652,Cubic Corporation
653,"Cullen/Frost Bankers, Inc."
654,"Culp, Inc."
655,Cummins Inc.
656,Curtiss-Wright Corporation
657,Cushing Energy Income Fund (The)
658,Cushing Renaissance Fund (The)
659,"Customers Bancorp, Inc"
660,Cutwater Select Income Fund
661,"CVENT, INC."
662,CVR Energy Inc.
663,"CVR Partners, LP"
664,"CVR Refining, LP"
665,CVS Health Corporation
666,"Cypress Energy Partners, L.P."
667,"CYS Investments, Inc."
668,"D.R. Horton, Inc."
669,D/B/A Chubb Limited New
670,Dana Incorporated
671,Danaher Corporation
672,Danaos Corporation
673,DAQO New Energy Corp.
674,"Darden Restaurants, Inc."
675,Darling Ingredients Inc.
676,DaVita healthCare Partners Inc.
677,"DCP Midstream Partners, LP"
678,DCT Industrial Trust Inc
679,DDR Corp.
680,Dean Foods Company
681,Deckers Outdoor Corporation
682,Deere & Company
683,Delaware Enhanced Global Dividend
684,"Delaware Investments Dividend & Income Fund, Inc."
685,"Delek Logistics Partners, L.P."
686,"Delek US Holdings, Inc."
687,Delphi Automotive plc
688,"Delta Air Lines, Inc."
689,Deltic Timber Corporation
690,Deluxe Corporation
691,Demand Media Inc.
692,Denbury Resources Inc.
693,Deutsch Bk Contingent Cap Tr V
694,Deutsche Bank AG
695,Devon Energy Corporation
696,DeVry Education Group Inc.
697,"DHI Group, Inc."
698,"DHT Holdings, Inc."
699,Diageo plc
700,"Diamond Offshore Drilling, Inc."
701,"Diamond Resorts International, Inc."
702,Diamondrock Hospitality Company
703,Diana Shipping inc.
704,Dick&#39;s Sporting Goods Inc
705,"Diebold, Incorporated"
706,"Digital Realty Trust, Inc."
707,"DigitalGlobe, Inc"
708,"Dillard&#39;s, Inc."
709,"DineEquity, Inc"
710,"Diplomat Pharmacy, Inc."
711,Discover Financial Services
712,Diversified Real Asset Income Fund
713,Dividend and Income Fund
714,Dolby Laboratories
715,Dollar General Corporation
716,Dominion Diamond Corporation
717,"Dominion Midstream Partners, LP"
718,"Dominion Resources, Inc."
719,Domino&#39;s Pizza Inc
720,Domtar Corporation
721,"Donaldson Company, Inc."
722,Dorian LPG Ltd.
723,DoubleLine Income Solutions Fund
724,DoubleLine Opportunistic Credit Fund
725,"Douglas Dynamics, Inc."
726,"Douglas Emmett, Inc."
727,Dover Corporation
728,Dover Downs Gaming & Entertainment Inc
729,"Dover Motorsports, Inc."
730,Dow Chemical Company (The)
731,"Dr Pepper Snapple Group, Inc"
732,Dr. Reddy&#39;s Laboratories Ltd
733,DRDGOLD Limited
734,Drew Industries Incorporated
735,Dreyfus High Yield Strategies Fund
736,"Dreyfus Municipal Bond Infrastructure Fund, Inc."
737,"Dreyfus Strategic Municipal Bond Fund, Inc."
738,"Dreyfus Strategic Municipals, Inc."
739,"Dril-Quip, Inc."
740,"DST Systems, Inc."
741,DSW Inc.
742,DTE Energy Company
743,Ducommun Incorporated
744,Duff & Phelps Global Utility Income Fund Inc.
745,Duff & Phelps Select Energy MLP Fund Inc.
746,"Duff & Phelps Utilities Income, Inc."
747,"Duff & Phelps Utilities Tax-Free Income, Inc."
748,"Duff & Phelps Utility & Corporate Bond Trust, Inc."
749,Duke Energy Corporation
750,Duke Realty Corporation
751,Dun & Bradstreet Corporation (The)
752,"Dupont Fabros Technology, Inc."
753,"DWS High Income Opportunities Fund, Inc."
754,"Dycom Industries, Inc."
755,Dynagas LNG Partners LP
756,Dynegy Inc.
757,"Dynex Capital, Inc."
758,E.I. du Pont de Nemours and Company
759,E.W. Scripps Company (The)
760,Eagle Growth and Income Opportunities Fund
761,Eagle Materials Inc
762,Eagle Point Credit Company Inc.
763,"Easterly Government Properties, Inc."
764,"EastGroup Properties, Inc."
765,Eastman Chemical Company
766,Eastman Kodak Company
767,"Eaton Corporation, PLC"
768,Eaton Vance Corporation
769,Eaton Vance Enhance Equity Income Fund
770,Eaton Vance Enhanced Equity Income Fund II
771,Eaton Vance Floating Rate Income Trust
772,Eaton vance Floating-Rate Income Plus Fund
773,Eaton Vance High Income 2021 Target Term Trust
774,Eaton Vance Municipal Income 2028 Term Trust
775,Eaton Vance Municipal Income Trust
776,Eaton Vance Risk-Managed Diversified Equity Income Fund
777,Eaton Vance Senior Floating-Rate Fund
778,Eaton Vance Senior Income Trust
779,Eaton Vance Short Diversified Income Fund
780,Eaton Vance Tax Advantaged Dividend Income Fund
781,Eaton Vance Tax-Advantage Global Dividend Opp
782,Eaton Vance Tax-Advantaged Bond
783,Eaton Vance Tax-Advantaged Global Dividend Income Fund
784,Eaton Vance Tax-Managed Buy-Write Income Fund
785,Eaton Vance Tax-Managed Diversified Equity Income Fund
786,Eaton Vance Tax-Managed Global Diversified Equity Income Fund
787,ECA Marcellus Trust I
788,Eclipse Resources Corporation
789,Ecolab Inc.
790,E-Commerce China Dangdang Inc.
791,Ecopetrol S.A.
792,Edison International
793,Education Realty Trust Inc.
794,Edwards Lifesciences Corporation
795,eHi Car Services Limited
796,E-House (China) Holdings Limited
797,El Paso Corporation
798,El Paso Electric Company
799,Eldorado Gold Corporation
800,Eli Lilly and Company
801,"Ellie Mae, Inc."
802,Ellington Financial LLC
803,Ellington Residential Mortgage REIT
804,Embotelladora Andina S.A.
805,Embraer-Empresa Brasileira de Aeronautica
806,EMC Corporation
807,"EMCOR Group, Inc."
808,Emerge Energy Services LP
809,"Emergent Biosolutions, Inc."
810,"Emergent Capital, Inc."
811,Emerson Electric Company
812,Empire District Electric Company (The)
813,"Empire State Realty Trust, Inc."
814,Employers Holdings Inc
815,Empresa Distribuidora Y Comercializadora Norte S.A. (Edenor)
816,Empresa Nacional de Electricidad S.A.
817,"Enable Midstream Partners, LP"
818,Enbridge Energy Management LLC
819,"Enbridge Energy, L.P."
820,Enbridge Inc
821,Encana Corporation
822,Endeavour Silver Corporation
823,Endesa Americas S.A.
824,"EndoChoice Holdings, Inc."
825,Endurance Specialty Holdings Ltd
826,Enduro Royalty Trust
827,Energen Corporation
828,"Energizer Holdings, Inc."
829,"Energy Transfer Equity, L.P."
830,ENERGY TRANSFER PARTNERS
831,Enerplus Corporation
832,Enersis Americas S.A.
833,Enersis Chile S.A.
834,Enersys
835,"Engility Holdings, Inc."
836,ENI S.p.A.
837,"EnLink Midstream Partners, LP"
838,"EnLink Midstream, LLC"
839,"Ennis, Inc."
840,"Enova International, Inc."
841,Enpro Industries
842,ENSCO plc
843,Entercom Communications Corporation
844,"Entergy Arkansas, Inc."
845,Entergy Corporation
846,"Entergy Louisiana, Inc."
847,"Entergy Mississippi, Inc."
848,"Entergy New Orleans, Inc."
849,Entergy Texas Inc
850,Enterprise Products Partners L.P.
851,Entravision Communications Corporation
852,"Envestnet, Inc"
853,"Envision Healthcare Holdings, Inc."
854,"Enviva Partners, LP"
855,"Enzo Biochem, Inc."
856,"EOG Resources, Inc."
857,EP Energy Corporation
858,"EPAM Systems, Inc."
859,EPR Properties
860,EQT Corporation
861,"EQT GP Holdings, LP"
862,"EQT Midstream Partners, LP"
863,"Equifax, Inc."
864,Equity Commonwealth
865,"Equity Lifestyle Properties, Inc."
866,"Equity One, Inc."
867,Equity Residential
868,"Equus Total Return, Inc."
869,"Era Group, Inc."
870,Eros International PLC
871,ESCO Technologies Inc.
872,Essent Group Ltd.
873,"Essex Property Trust, Inc."
874,"Estee Lauder Companies, Inc. (The)"
875,Esterline Technologies Corporation
876,Ethan Allen Interiors Inc.
877,Euronav NV
878,"European Equity Fund, Inc. (The)"
879,EverBank Financial Corp.
880,Evercore Partners Inc
881,"Everest Re Group, Ltd."
882,Everi Holdings Inc.
883,Eversource Energy
884,"Evertec, Inc."
885,"Everyday Health, Inc."
886,Evogene Ltd.
887,"Evolent Health, Inc"
888,Exar Corporation
889,EXCO Resources NL
890,Exelon Corporation
891,"Express, Inc."
892,"Extended Stay America, Inc."
893,Exterran Corporation
894,Extra Space Storage Inc
895,Exxon Mobil Corporation
896,F.N.B. Corporation
897,Fabrinet
898,FactSet Research Systems Inc.
899,Fair Isaac Corporation
900,Fairmount Santrol Holdings Inc.
901,Farmland Partners Inc.
902,"FBL Financial Group, Inc."
903,"FCB Financial Holdings, Inc."
904,Federal Agricultural Mortgage Corporation
905,Federal Realty Investment Trust
906,Federal Signal Corporation
907,"Federated Investors, Inc."
908,Federated Premier Intermediate Municipal Income Fund
909,Federated Premier Municipal Income Fund
910,FedEx Corporation
911,FelCor Lodging Trust Incorporated
912,Ferrari N.V.
913,"Ferrellgas Partners, L.P."
914,Ferro Corporation
915,Fiat Chrysler Automobiles N.V.
916,Fibria Celulose S.A.
917,Fidelity and Guaranty Life
918,"Fidelity National Financial, Inc."
919,"Fidelity National Information Services, Inc."
920,Fiduciary/Claymore MLP Opportunity Fund
921,Fifth Street Finance Corp.
922,First Acceptance Corporation
923,First American Corporation (The)
924,First BanCorp.
925,First Commonwealth Financial Corporation
926,First Data Corporation
927,First Horizon National Corporation
928,"First Industrial Realty Trust, Inc."
929,First Majestic Silver Corp.
930,First Marblehead Corporation (The)
931,First Potomac Realty Trust
932,FIRST REPUBLIC BANK
933,First Trust
934,First Trust Dividend and Income Fund
935,First Trust Dynamic Europe Equity Income Fund
936,First Trust Energy Infrastructure Fund
937,First Trust High Income Long Short Fund
938,First Trust Intermediate Duration Preferred & Income Fund
939,First Trust MLP and Energy Income Fund
940,First Trust New Opportunities MLP & Energy Fund
941,First Trust Senior Floating Rate Income Fund II
942,First Trust Specialty Finance and Financial Opportunities Fund
943,First Trust Strategic High Income Fund II
944,First Trust/Aberdeen Emerging Opportunity Fund
945,First Trust/Aberdeen Global Opportunity Income Fund
946,FirstEnergy Corporation
947,FirstMerit Corporation
948,"Fitbit, Inc."
949,Five Oaks Investment Corp.
950,"Flagstar Bancorp, Inc."
951,Flaherty & Crumrine Dynamic Preferred and Income Fund Inc.
952,Flaherty & Crumrine Preferred Income Fund Incorporated
953,Flaherty & Crumrine Preferred Income Opportunity Fund Inc
954,Flaherty & Crumrine Preferred Securities Income Fund Inc
955,Flaherty & Crumrine Total Return Fund Inc
956,"FleetCor Technologies, Inc."
957,Fleetmatics Group PLC
958,"Flotek Industries, Inc."
959,"Flowers Foods, Inc."
960,Flowserve Corporation
961,Fluor Corporation
962,Fly Leasing Limited
963,FMC Corporation
964,"FMC Technologies, Inc."
965,Fomento Economico Mexicano S.A.B. de C.V.
966,"Foot Locker, Inc."
967,Ford Motor Company
968,Foresight Energy LP
969,"Forest City Realty Trust, Inc."
970,Forestar Group Inc
971,Fortive Corporation
972,Fortress Investment Group LLC
973,Fortress Transportation and Infrastructure Investors LLC
974,Fortuna Silver Mines Inc.
975,"Fortune Brands Home & Security, Inc."
976,"Forum Energy Technologies, Inc."
977,"Four Corners Property Trust, Inc."
978,Franco-Nevada Corporation
979,Franklin Covey Company
980,"Franklin Financial Network, Inc."
981,"Franklin Resources, Inc."
982,Franklin Universal Trust
983,Frank&#39;s International N.V.
984,"Freeport-McMoran, Inc."
985,Fresenius Medical Care Corporation
986,"Fresh Del Monte Produce, Inc."
987,Frontline Ltd.
988,FS Investment Corporation
989,"FTI Consulting, Inc."
990,FutureFuel Corp.
991,FXCM Inc.
992,"Gabelli Convertible and Income Securities Fund, Inc. (The)"
993,Gabelli Dividend
994,"Gabelli Equity Trust, Inc. (The)"
995,Gabelli Global Small and Mid Cap Value Trust (The)
996,Gabelli Multi-Media Trust Inc. (The)
997,Gabelli Utility Trust (The)
998,Gafisa SA
999,"GAIN Capital Holdings, Inc."
1000,"Gamco Investors, Inc."
1001,"GAMCO Natural Resources, Gold & Income Tust "
1002,Gamestop Corporation
1003,"Gap, Inc. (The)"
1004,"Gartner, Inc."
1005,GasLog LP.
1006,GasLog Partners LP
1007,GATX Corporation
1008,Gazit-Globe Ltd.
1009,GCP Applied Technologies Inc.
1010,Genco Shipping & Trading Limited Warrants Expiring 12/31/2021 
1011,"Gener8 Maritime, Inc."
1012,Generac Holdlings Inc.
1013,"General American Investors, Inc."
1014,General Cable Corporation
1015,General Dynamics Corporation
1016,General Electric Capital Corporation
1017,General Electric Company
1018,"General Growth Properties, Inc."
1019,"General Mills, Inc."
1020,General Motors Company
1021,Genesco Inc.
1022,"Genesee & Wyoming, Inc."
1023,"Genesis Energy, L.P."
1024,"Genesis Healthcare, Inc."
1025,Genie Energy Ltd.
1026,Genpact Limited
1027,Genuine Parts Company
1028,Genworth Financial Inc
1029,Geo Group Inc (The)
1030,Geopark Ltd
1031,Georgia Power Company
1032,Gerdau S.A.
1033,Getty Realty Corporation
1034,Gigamon Inc.
1035,"Gildan Activewear, Inc."
1036,Glatfelter
1037,Glaukos Corporation
1038,GlaxoSmithKline PLC
1039,"Global Brass and Copper Holdings, Inc."
1040,Global Medical REIT Inc.
1041,"Global Net Lease, Inc."
1042,Global Partners LP
1043,Global Payments Inc.
1044,"Global Ship Lease, Inc."
1045,Globant S.A.
1046,"Globus Medical, Inc."
1047,GMS Inc.
1048,"GNC Holdings, Inc."
1049,GoDaddy Inc.
1050,Gol Linhas Aereas Inteligentes S.A.
1051,Gold Fields Limited
1052,Goldcorp Inc.
1053,"Goldman Sachs BDC, Inc."
1054,"Goldman Sachs Group, Inc. (The)"
1055,Goldman Sachs MLP Energy Renaissance Fund
1056,Goldman Sachs MLP Income Opportunities Fund
1057,GP Strategies Corporation
1058,Graco Inc.
1059,Graham Corporation
1060,Graham Holdings Company
1061,Gramercy Property Trust
1062,Gramercy Property Trust Inc.
1063,Grana y Montero S.A.A.
1064,Granite Construction Incorporated
1065,Granite Real Estate Inc.
1066,Graphic Packaging Holding Company
1067,"Gray Television, Inc."
1068,Great Ajax Corp.
1069,Great Plains Energy Inc
1070,"Great Western Bancorp, Inc."
1071,Green Dot Corporation
1072,"Greenbrier Companies, Inc. (The)"
1073,"Greenhill & Co., Inc."
1074,Greif Bros. Corporation
1075,Griffon Corporation
1076,"Group 1 Automotive, Inc."
1077,GrubHub Inc.
1078,"Grupo Aeroportuario Del Pacifico, S.A. de C.V."
1079,"Grupo Aeroportuario del Sureste, S.A. de C.V."
1080,Grupo Aval Acciones y Valores S.A.
1081,Grupo Financiero Santander Mexico S.A. B. de C.V.
1082,Grupo Supervielle S.A.
1083,Grupo Televisa S.A.
1084,"GTT Communications, Inc."
1085,Guangshen Railway Company Limited
1086,"Guess?, Inc."
1087,Guggenheim Credit Allocation Fund
1088,Guggenheim Enhanced Equity Income Fund
1089,Guggenheim Enhanced Equity Strategy Fund
1090,Guggenheim Equal Weight Enhanced Equity Income Fund
1091,Guggenheim Strategic Opportunities Fund
1092,Guggenheim Taxable Municipal Managed Duration Trst
1093,"Guidewire Software, Inc."
1094,"GulfMark Offshore, Inc."
1095,"H&R Block, Inc."
1096,H. B. Fuller Company
1097,Haemonetics Corporation
1098,Halcon Resources Corporation
1099,Halliburton Company
1100,"Halyard Health, Inc."
1101,Hanesbrands Inc.
1102,"Hannon Armstrong Sustainable Infrastructure Capital, Inc."
1103,"Harley-Davidson, Inc."
1104,"Harman International Industries, Incorporated"
1105,Harmony Gold Mining Company Limited
1106,Harris Corporation
1107,Harsco Corporation
1108,"Harte-Hanks, Inc."
1109,"Hartford Financial Services Group, Inc. (The)"
1110,Harvest Natural Resources Inc
1111,"Haverty Furniture Companies, Inc."
1112,"Hawaiian Electric Industries, Inc."
1113,"HCA Holdings, Inc."
1114,"HCI Group, Inc."
1115,"HCP, Inc."
1116,HDFC Bank Limited
1117,Headwaters Incorporated
1118,Healthcare Realty Trust Incorporated
1119,"Healthcare Trust of America, Inc."
1120,HealthSouth Corporation
1121,Hecla Mining Company
1122,Heico Corporation
1123,"Helix Energy Solutions Group, Inc."
1124,"Helmerich & Payne, Inc."
1125,Herbalife LTD.
1126,Herc Holdings Inc.
1127,"Hercules Capital, Inc."
1128,"Heritage Insurance Holdings, Inc."
1129,Hersha Hospitality Trust
1130,Hershey Company (The)
1131,"Hertz Global Holdings, Inc"
1132,Hess Corporation
1133,Hewlett Packard Enterprise Company
1134,Hexcel Corporation
1135,"HFF, Inc."
1136,"HHGregg, Inc."
1137,Hi-Crush Partners LP
1138,"Highwoods Properties, Inc."
1139,"Hill International, Inc."
1140,Hillenbrand Inc
1141,Hill-Rom Holdings Inc
1142,Hilltop Holdings Inc.
1143,Hilton Worldwide Holdings Inc.
1144,HNI Corporation
1145,Hoegh LNG Partners LP
1146,"Holly Energy Partners, L.P."
1147,HollyFrontier Corporation
1148,"Home Depot, Inc. (The)"
1149,"Honda Motor Company, Ltd."
1150,Honeywell International Inc.
1151,Horace Mann Educators Corporation
1152,Horizon Global Corporation
1153,Horizon Technology Finance Corporation
1154,Hormel Foods Corporation
1155,Hornbeck Offshore Services
1156,"Host Hotels & Resorts, Inc."
1157,"Houlihan Lokey, Inc."
1158,Hovnanian Enterprises Inc
1159,Howard Hughes Corporation (The)
1160,HP Inc.
1161,"HRG Group, Inc."
1162,HSBC Holdings plc
1163,"Huaneng Power International, Inc."
1164,Hubbell Inc
1165,"HubSpot, Inc."
1166,HudBay Minerals Inc
1167,"Hudson Pacific Properties, Inc."
1168,Hugoton Royalty Trust
1169,Humana Inc.
1170,"Huntington Ingalls Industries, Inc."
1171,Huntsman Corporation
1172,Hyatt Hotels Corporation
1173,"Hyster-Yale Materials Handling, Inc."
1174,Iamgold Corporation
1175,ICICI Bank Limited
1176,"IDACORP, Inc."
1177,IDEX Corporation
1178,IDT Corporation
1179,Illinois Tool Works Inc.
1180,Imation Corporation
1181,Imax Corporation
1182,"Imperva, Inc."
1183,"Imprivata, Inc."
1184,"IMS Health Holdings, Inc."
1185,"Independence Contract Drilling, Inc."
1186,Independence Holding Company
1187,"India Fund, Inc. (The)"
1188,"Industrias Bachoco, S.A. de C.V."
1189,Infoblox Inc.
1190,Infosys Limited
1191,"InfraREIT, Inc."
1192,"ING Group, N.V."
1193,Ingersoll-Rand plc (Ireland)
1194,Ingevity Corporation
1195,Ingram Micro Inc.
1196,Ingredion Incorporated
1197,Inphi Corporation
1198,"Insperity, Inc."
1199,"Installed Building Products, Inc."
1200,"Instructure, Inc."
1201,Integer Holdings Corporation
1202,Intelsat S.A.
1203,Intercontinental Exchange Inc.
1204,Intercontinental Hotels Group
1205,"Internationa Flavors & Fragrances, Inc."
1206,International Business Machines Corporation
1207,International Game Technology
1208,International Paper Company
1209,InterOil Corporation
1210,"Interpublic Group of Companies, Inc. (The)"
1211,Interstate Power and Light Company
1212,InterXion Holding N.V.
1213,"IntraLinks Holdings, Inc."
1214,"Intrawest Resorts Holdings, Inc."
1215,"Intrepid Potash, Inc"
1216,Intrexon Corporation
1217,Invacare Corporation
1218,"InvenSense, Inc."
1219,Invesco Bond Fund
1220,Invesco California Value Municipal Income Trust
1221,Invesco Credit Opportunities Fund
1222,Invesco High Income Trust II
1223,INVESCO MORTGAGE CAPITAL INC
1224,Invesco Mortgage Capital Inc.
1225,Invesco Municipal Income Opportunities Trust
1226,Invesco Municipal Opportunity Trust
1227,Invesco Municipal Trust
1228,Invesco Pennsylvania Value Municipal Income Trust
1229,Invesco Plc
1230,Invesco Quality Municipal Income Trust
1231,Invesco Senior Income Trust
1232,Invesco Trust  for Investment Grade New York Municipal
1233,Invesco Trust for Investment Grade Municipals
1234,Invesco Value Municipal Income Trust
1235,"Investment Technology Group, Inc."
1236,Investors Real Estate Trust
1237,Invitae Corporation
1238,Ion Geophysical Corporation
1239,Iron Mountain Incorporated
1240,IRSA Inversiones Y Representaciones S.A.
1241,Israel Chemicals Shs
1242,iStar Financial Inc.
1243,Ita? CorpBanca
1244,Itau Unibanco Banco Holding SA
1245,ITC Holdings Corp.
1246,"ITT Educational Services, Inc."
1247,ITT Inc.
1248,Ivy High Income Opportunities Fund
1249,J P Morgan Chase & Co
1250,"J. Alexander&#39;s Holdings, Inc."
1251,"J.C. Penney Company, Inc. Holding Company"
1252,J.M. Smucker Company (The)
1253,"Jabil Circuit, Inc."
1254,Jacobs Engineering Group Inc.
1255,James Hardie Industries plc.
1256,"Janus Capital Group, Inc"
1257,Japan Smaller Capitalization Fund Inc
1258,"Jernigan Capital, Inc."
1259,JinkoSolar Holding Company Limited
1260,JMP Group LLC
1261,John Bean Technologies Corporation
1262,John Hancock Financial Opportunities Fund
1263,John Hancock Hedged Equity & Income Fund
1264,John Hancock Income Securities Trust
1265,John Hancock Investors Trust
1266,John Hancock Pfd Income Fund II
1267,John Hancock Preferred Income Fund
1268,John Hancock Preferred Income Fund III
1269,John Hancock Premium Dividend Fund
1270,John Hancock Tax Advantaged Dividend Income Fund
1271,John Hancock Tax-Advantaged Global Shareholder Yield Fund
1272,"John Wiley & Sons, Inc."
1273,Johnson & Johnson
1274,"Johnson Controls, Inc."
1275,"Jones Energy, Inc."
1276,Jones Lang LaSalle Incorporated
1277,Joy Global Inc.
1278,JP Energy Partners LP
1279,"JPMorgan China Region Fund, Inc."
1280,Jumei International Holding Limited
1281,"Juniper Networks, Inc."
1282,Jupai Holdings Limited
1283,"Just Energy Group, Inc."
1284,K12 Inc
1285,Kadant Inc
1286,"Kadmon Holdings, Inc."
1287,Kaman Corporation
1288,Kansas City Southern
1289,KapStone Paper and Packaging Corporation
1290,"KAR Auction Services, Inc"
1291,Kate Spade & Company
1292,Kayne Anderson Energy Development Company
1293,"Kayne Anderson Energy Total Return Fund, Inc."
1294,"Kayne Anderson Midstream Energy Fund, Inc"
1295,Kayne Anderson MLP Investment Company
1296,KB Financial Group Inc
1297,KB Home
1298,"KBR, Inc."
1299,"KCAP Financial, Inc."
1300,"KCG Holdings, Inc."
1301,Kellogg Company
1302,Kemet Corporation
1303,Kemper Corporation
1304,Kennametal Inc.
1305,Kennedy-Wilson Holdings Inc.
1306,Kenon Holdings Ltd.
1307,KeyCorp
1308,Keysight Technologies Inc.
1309,Kilroy Realty Corporation
1310,Kimberly-Clark Corporation
1311,Kimco Realty Corporation
1312,"Kinder Morgan, Inc."
1313,"Kindred Healthcare, Inc."
1314,"Kingsway Financial Services, Inc."
1315,Kinross Gold Corporation
1316,Kirby Corporation
1317,Kite Realty Group Trust
1318,KKR & Co. L.P.
1319,KKR Financial Holdings LLC
1320,KKR Income Opportunities Fund
1321,"KMG Chemicals, Inc."
1322,"Knight Transportation, Inc."
1323,"Knoll, Inc."
1324,KNOT Offshore Partners LP
1325,Knowles Corporation
1326,Kohl&#39;s Corporation
1327,Koninklijke Philips N.V.
1328,Koppers Holdings Inc.
1329,Korea Electric Power Corporation
1330,"Korea Equity Fund, Inc."
1331,"Korea Fund, Inc. (The)"
1332,Korn/Ferry International
1333,Kosmos Energy Ltd.
1334,"Kraton Performance Polymers, Inc"
1335,Kroger Company (The)
1336,Kronos Worldwide Inc
1337,KT Corporation
1338,Kyocera Corporation
1339,"L Brands, Inc."
1340,L.S. Starrett Company (The)
1341,"L-3 Communications Holdings, Inc."
1342,La Quinta Holdings Inc.
1343,Laboratory Corporation of America Holdings
1344,Ladder Capital Corp
1345,"Landauer, Inc."
1346,Lannett Co Inc
1347,"Laredo Petroleum, Inc."
1348,Las Vegas Sands Corp.
1349,LaSalle Hotel Properties
1350,LATAM Airlines Group S.A.
1351,"Latin American Discovery Fund, Inc. (The)"
1352,Lazard Global Total Return and Income Fund
1353,Lazard Ltd.
1354,"Lazard World Dividend & Income Fund, Inc."
1355,La-Z-Boy Incorporated
1356,Lear Corporation
1357,"Lee Enterprises, Incorporated"
1358,Legg Mason BW Global Income Opportunities Fund Inc.
1359,"Legg Mason, Inc."
1360,"Leggett & Platt, Incorporated"
1361,Lehman ABS Corporation
1362,"Leidos Holdings, Inc."
1363,Leju Holdings Limited
1364,LendingClub Corporation
1365,Lennar Corporation
1366,"Lennox International, Inc."
1367,Leucadia National Corporation
1368,"Level 3 Communications, Inc."
1369,Lexington Realty Trust
1370,"Lexmark International, Inc."
1371,"LG Display Co., Ltd."
1372,Liberty All-Star Equity Fund
1373,"Liberty All-Star Growth Fund, Inc."
1374,Liberty Property Trust
1375,"LifeLock, Inc."
1376,"LightInTheBox Holding Co., Ltd."
1377,Lincoln National Corporation
1378,Lindsay Corporation
1379,LINE Corporation
1380,LinkedIn Corporation
1381,Lions Gate Entertainment Corporation
1382,"Lithia Motors, Inc."
1383,"Live Nation Entertainment, Inc."
1384,Lloyds Banking Group Plc
1385,LMP Capital and Income Fund Inc.
1386,Lockheed Martin Corporation
1387,Loews Corporation
1388,Louisiana-Pacific Corporation
1389,"Lowe&#39;s Companies, Inc."
1390,Lsb Industries Inc.
1391,"LTC Properties, Inc."
1392,"Luby&#39;s, Inc."
1393,"Lumber Liquidators Holdings, Inc"
1394,Luxfer Holdings PLC
1395,"Luxoft Holding, Inc."
1396,"Luxottica Group, S.p.A."
1397,"Lydall, Inc."
1398,Lyon William Homes
1399,LyondellBasell Industries NV
1400,M&T Bank Corporation
1401,"M.D.C. Holdings, Inc."
1402,"M/I Homes, Inc."
1403,Macerich Company (The)
1404,Mack-Cali Realty Corporation
1405,Macquarie Global Infrastructure Total Return Fund Inc.
1406,Macquarie Infrastructure Company
1407,Macquarie/First Trust Global
1408,Macro Bank Inc.
1409,Macy&#39;s Inc
1410,Madison Covered Call & Equity Strategy Fund
1411,Madison Strategic Sector Premium Fund
1412,Magellan Midstream Partners L.P.
1413,"Magna International, Inc."
1414,MagnaChip Semiconductor Corporation
1415,"Maiden Holdings, Ltd."
1416,Main Street Capital Corporation
1417,MainStay DefinedTerm Municipal Opportunities Fund
1418,Mallinckrodt plc
1419,Managed Duration Investment Grade Municipal Fund
1420,Manchester United Ltd.
1421,"Manitowoc Company, Inc. (The)"
1422,"Manitowoc Food Service, Inc."
1423,"Manning & Napier, Inc."
1424,ManpowerGroup
1425,Manulife Financial Corp
1426,Marathon Oil Corporation
1427,Marathon Petroleum Corporation
1428,"Marcus & Millichap, Inc."
1429,Marcus Corporation (The)
1430,Marin Software Incorporated
1431,Marine Harvest ASA
1432,Marine Products Corporation
1433,"MarineMax, Inc."
1434,Markel Corporation
1435,Marriot Vacations Worldwide Corporation
1436,"Marsh & McLennan Companies, Inc."
1437,"Martin Marietta Materials, Inc."
1438,Masco Corporation
1439,Masonite International Corporation
1440,"MasTec, Inc."
1441,Mastercard Incorporated
1442,Matador Resources Company
1443,Materion Corporation
1444,"Matson, Inc."
1445,"Maui Land & Pineapple Company, Inc."
1446,"Maximus, Inc."
1447,"MaxLinear, Inc"
1448,"MBIA, Inc."
1449,McClatchy Company (The)
1450,"McCormick & Company, Incorporated"
1451,"McDermott International, Inc."
1452,McDonald&#39;s Corporation
1453,McEwen Mining Inc.
1454,McKesson Corporation
1455,"MDU Resources Group, Inc."
1456,Mead Johnson Nutrition Company
1457,Mechel PAO
1458,"Media General, Inc."
1459,"Medical Properties Trust, Inc."
1460,MEDIFAST INC
1461,Medley Capital Corporation
1462,Medley Management Inc.
1463,"Mednax, Inc"
1464,Medtronic plc
1465,"Merck & Company, Inc."
1466,Mercury General Corporation
1467,Meredith Corporation
1468,Meritage Corporation
1469,"Meritor, Inc."
1470,"Merrill Lynch & Co., Inc."
1471,"Merrill Lynch Depositor, Inc."
1472,Mesa Royalty Trust
1473,Mesabi Trust
1474,Metaldyne Performance Group Inc.
1475,"Methode Electronics, Inc."
1476,"MetLife, Inc."
1477,"Mettler-Toledo International, Inc."
1478,"Mexico Equity and Income Fund, Inc. (The)"
1479,"Mexico Fund, Inc. (The)"
1480,"MFA Financial, Inc."
1481,MFC Bancorp Ltd.
1482,MFS Charter Income Trust
1483,MFS Government Markets Income Trust
1484,MFS Intermediate Income Trust
1485,MFS Multimarket Income Trust
1486,MFS Municipal Income Trust
1487,MFS Special Value Trust
1488,MGIC Investment Corporation
1489,MGM Growth Properties LLC
1490,MGM Resorts International
1491,Michael Kors Holdings Limited
1492,"Mid-America Apartment Communities, Inc."
1493,"Midcoast Energy Partners, L.P."
1494,MidSouth Bancorp
1495,Milacron Holdings Corp.
1496,"Miller Industries, Inc."
1497,Miller/Howard High Income Equity Fund
1498,Minerals Technologies Inc.
1499,Mississippi Power Company
1500,Mistras Group Inc
1501,Mitsubishi UFJ Financial Group Inc
1502,MiX Telematics Limited
1503,"Mizuho Financial Group, Inc."
1504,Mobile TeleSystems OJSC
1505,Mobileye N.V.
1506,"Model N, Inc."
1507,Modine Manufacturing Company
1508,Moelis & Company
1509,"Mohawk Industries, Inc."
1510,Molina Healthcare Inc
1511,Molson Coors Brewing  Company
1512,Monmouth Real Estate Investment Corporation
1513,"Monogram Residential Trust, Inc."
1514,Monsanto Company
1515,"Monster Worldwide, Inc."
1516,Moody&#39;s Corporation
1517,Moog Inc.
1518,Morgan Stanley
1519,"Morgan Stanley Asia-Pacific Fund, Inc."
1520,Morgan Stanley China A Share Fund Inc.
1521,"Morgan Stanley Emerging Markets Debt Fund, Inc."
1522,"Morgan Stanley Emerging Markets Domestic Debt Fund, Inc."
1523,"Morgan Stanley Emerging Markets Fund, Inc."
1524,"Morgan Stanley India Investment Fund, Inc."
1525,Mosaic Company (The)
1526,"Motorola Solutions, Inc."
1527,Movado Group Inc.
1528,MPLX LP
1529,MRC Global Inc.
1530,"MS Income Securities, Inc."
1531,MS Structured Asset Corp Saturns GE Cap Corp Series 2002-14
1532,MSA Safety Incorporporated
1533,"MSC Industrial Direct Company, Inc."
1534,MSCI Inc
1535,MSG Networks Inc.
1536,"Mueller Industries, Inc."
1537,MUELLER WATER PRODUCTS
1538,Multi Packaging Solutions International Limited
1539,Murphy Oil Corporation
1540,Murphy USA Inc.
1541,MV Oil Trust
1542,"MVC Capital, Inc."
1543,"Myers Industries, Inc."
1544,Nabors Industries Ltd.
1545,"NACCO Industries, Inc."
1546,Nam Tai Property Inc.
1547,National Bank Holdings Corporation
1548,National Fuel Gas Company
1549,"National Grid Transco, PLC"
1550,"National Health Investors, Inc."
1551,"National Oilwell Varco, Inc."
1552,"National Presto Industries, Inc."
1553,National Retail Properties
1554,National Steel Company
1555,National Storage Affiliates Trust
1556,Nationstar Mortgage Holdings Inc.
1557,Natl Westminster Pfd
1558,"Natural Gas Services Group, Inc."
1559,"Natural Grocers by Vitamin Cottage, Inc."
1560,Natural Resource Partners LP
1561,"Natuzzi, S.p.A."
1562,"Nautilus Group, Inc. (The)"
1563,"Navigant Consulting, Inc."
1564,Navigator Holdings Ltd.
1565,Navios Maritime Acquisition Corporation
1566,Navios Maritime Holdings Inc.
1567,Navios Maritime Midstream Partners LP
1568,Navios Maritime Partners LP
1569,Navistar International Corporation
1570,"NCI Building Systems, Inc."
1571,NCR Corporation
1572,"Neenah Paper, Inc."
1573,Neff Corporation
1574,"Nelnet, Inc."
1575,NeoPhotonics Corporation
1576,Netsuite Inc
1577,"Neustar, Inc."
1578,Nevro Corp.
1579,"New America High Income Fund, Inc. (The)"
1580,"New Germany Fund, Inc. (The)"
1581,New Home Company Inc. (The)
1582,"New Ireland Fund, Inc. (The)"
1583,New Media Investment Group Inc.
1584,New Mountain Finance Corporation
1585,"New Oriental Education & Technology Group, Inc."
1586,"New Relic, Inc."
1587,New Residential Investment Corp.
1588,New Senior Investment Group Inc.
1589,"New York & Company, Inc."
1590,"New York Community Bancorp, Inc."
1591,"New York REIT, Inc."
1592,New York Times Company (The)
1593,Newcastle Investment Corporation
1594,Newell Brands Inc.
1595,Newfield Exploration Company
1596,NewJersey Resources Corporation
1597,NewMarket Corporation
1598,Newmont Mining Corporation
1599,"Newpark Resources, Inc."
1600,NexPoint Credit Stategies Fund
1601,"NexPoint Residential Trust, Inc."
1602,"NextEra Energy Partners, LP"
1603,"NextEra Energy, Inc."
1604,NGL ENERGY PARTNERS LP
1605,"Niagara Mohawk Holdings, Inc."
1606,Nielsen N.V.
1607,"Nike, Inc."
1608,"Nimble Storage, Inc."
1609,Nippon Telegraph and Telephone Corporation
1610,"NiSource, Inc"
1611,"NL Industries, Inc."
1612,Noah Holdings Ltd.
1613,Noble Corporation
1614,Noble Energy Inc.
1615,Nokia Corporation
1616,Nomad Foods Limited
1617,Nomura Holdings Inc ADR
1618,Norbord Inc.
1619,"Nord Anglia Education, Inc."
1620,Nordic American Offshore Ltd
1621,Nordic American Tankers Limited
1622,"Nordstrom, Inc."
1623,Norfolk Souther Corporation
1624,Nortel Inversora SA
1625,"North American Energy Partners, Inc."
1626,North Atlantic Drilling Ltd.
1627,North European Oil Royality Trust
1628,Northrop Grumman Corporation
1629,"NorthStar Asset Management Group, Inc."
1630,NorthStar Realty Europe Corp.
1631,Northstar Realty Finance Corp.
1632,Northwest Natural Gas Company
1633,NorthWestern Corporation
1634,Novartis AG
1635,Novo Nordisk A/S
1636,NOW Inc.
1637,NQ Mobile Inc.
1638,"NRG Energy, Inc."
1639,"NRG Yield, Inc."
1640,"NTT DOCOMO, Inc"
1641,"Nu Skin Enterprises, Inc."
1642,Nucor Corporation
1643,Nustar Energy L.P.
1644,"Nustar GP Holdings, LLC"
1645,"NuStar Logistics, L.P."
1646,Nuveen All Cap Energy MLP Opportunities Fund
1647,Nuveen AMT-Free Municipal Income Fund
1648,Nuveen AMT-Free Municipal Value Fund
1649,Nuveen Arizona Premium Income Municipal Fund
1650,Nuveen Build America Bond Fund
1651,Nuveen Build America Bond Opportunity Fund
1652,Nuveen California AMT-Free Municipal Income Fund
1653,Nuveen California Dividend Advantage Municipal Fund
1654,"Nuveen California Municipal Value Fund, Inc."
1655,Nuveen Connecticut Premium Income Municipal Fund
1656,Nuveen Core Equity Alpha Fund
1657,Nuveen Credit Strategies Income Fund
1658,Nuveen Diversified Dividend and Income Fund
1659,Nuveen Dividend Advantage Municipal Fund
1660,Nuveen Dividend Advantage Municipal Income Fund
1661,Nuveen Dow 30SM Dynamic Overwrite Fund
1662,Nuveen Energy MLP Total Return Fund
1663,Nuveen Enhanced Municipal Credit Opportunities Fun
1664,Nuveen Enhanced Municipal Value Fund
1665,Nuveen Flexible Investment Income Fund
1666,Nuveen Floating Rate Income Fund
1667,Nuveen Floating Rate Income Opportuntiy Fund
1668,Nuveen Georgia Dividend Advantage Municipal Fund 2
1669,Nuveen Global Equity Income Fund 
1670,Nuveen Global High Income Fund
1671,Nuveen High Income 2020 Target Term Fund
1672,Nuveen High Income December 2019 Target Term Fund
1673,Nuveen Insured California Select Tax-Free Income Portfolio
1674,Nuveen Insured New York Select Tax-Free Income Portfolio
1675,Nuveen Intermediate Duration Municipal Term Fund
1676,"Nuveen Investment Quality Municipal Fund, Inc."
1677,Nuveen Maryland Premium Income Municipal Fund
1678,Nuveen Massachusetts Premium Income Municipal Fund
1679,Nuveen Michigan Quality Income Municipal Fund
1680,Nuveen Minnesota Municipal Income Fund
1681,Nuveen Mortgage Opportunity Term Fund
1682,Nuveen Multi-Market Income Fund
1683,Nuveen Municipal 2021 Target Term Fund
1684,"Nuveen Municipal Income Fund, Inc."
1685,"Nuveen Municipal Market Opportunity Fund, Inc."
1686,Nuveen New Jersey Dividend Advantage Municipal Fund
1687,Nuveen New York AMT-Free Municipal Income Fund
1688,Nuveen New York Dividend Advantage Municipal Fund
1689,"Nuveen New York Municipal Value Fund, Inc."
1690,Nuveen North Carolina Premium Income Municipal Fund
1691,Nuveen Ohio Quality Income Municipal Fund
1692,"Nuveen Pennsylvania Investment Quality Municipal Fund, Inc."
1693,"Nuveen Performance Plus Municipal Fund, Inc."
1694,Nuveen Preferred and Income Term Fund
1695,Nuveen Preferred Income Opportunites Fund
1696,"Nuveen Premier Municipal Income Fund, Inc."
1697,"Nuveen Premium Income Municipal Fund II, Inc."
1698,"Nuveen Premium Income Municipal Fund, Inc."
1699,Nuveen Quality Preferred Income Fund 2
1700,Nuveen Real Asset Income and Growth Fund
1701,Nuveen S&P 500 Buy-Write Income Fund
1702,Nuveen S&P 500 Dynamic Overwrite Fund
1703,Nuveen Select Maturities Municipal Fund
1704,"Nuveen Select Quality Municipal Fund, Inc."
1705,Nuveen Select Tax Free Income Portfolio
1706,Nuveen Select Tax Free Income Portfolio II
1707,Nuveen Select Tax Free Income Portfolio III
1708,Nuveen Senior Income Fund
1709,Nuveen Short Duration Credit Opportunities Fund
1710,Nuveen Tax-Advantaged Dividend Growth Fund
1711,Nuveen Tax-Advantaged Total Return Strategy Fund
1712,Nuveen Texas Quality Income Municipal Fund
1713,Nuveen Virginia Premium Income Municipal Fund
1714,Nuveenn Intermediate Duration Quality Municipal Term Fund
1715,Nuven Mortgage Opportunity Term Fund 2
1716,"NVR, Inc."
1717,"Oaktree Capital Group, LLC"
1718,Oasis Petroleum Inc.
1719,Occidental Petroleum Corporation
1720,"Oceaneering International, Inc."
1721,Och-Ziff Capital Management Group LLC
1722,OCI Partners LP
1723,Ocwen Financial Corporation
1724,OFG Bancorp
1725,OGE Energy Corporation
1726,Oi S.A.
1727,"Oil States International, Inc."
1728,Oil-Dri Corporation Of America
1729,Old Republic International Corporation
1730,Olin Corporation
1731,OM Asset Management plc
1732,"Omega Healthcare Investors, Inc."
1733,Omega Protein Corporation
1734,Omnicom Group Inc.
1735,OMNOVA Solutions Inc.
1736,"On Assignment, Inc."
1737,"On Deck Capital, Inc."
1738,"ONE Gas, Inc."
1739,"One Liberty Properties, Inc."
1740,"OneBeacon Insurance Group, Ltd."
1741,"OneMain Holdings, Inc."
1742,"ONEOK Partners, L.P."
1743,"ONEOK, Inc."
1744,"Ooma, Inc."
1745,"Oppenheimer Holdings, Inc."
1746,Oracle Corporation
1747,Orange
1748,"Orbital ATK, Inc."
1749,"Orchid Island Capital, Inc."
1750,Orion Engineered Carbons S.A
1751,"Orion Group Holdings, Inc."
1752,Orix Corp Ads
1753,"Ormat Technologies, Inc."
1754,Oshkosh Corporation
1755,Osisko Gold Royalties Ltd
1756,OUTFRONT Media Inc.
1757,"Overseas Shipholding Group, Inc."
1758,"Owens & Minor, Inc."
1759,Owens Corning Inc
1760,"Owens-Illinois, Inc."
1761,"Oxford Industries, Inc."
1762,"Pacific American Income Shares, Inc."
1763,Pacific Coast Oil Trust
1764,Pacific Drilling S.A.
1765,Pacific Gas & Electric Co.
1766,Packaging Corporation of America
1767,"Palo Alto Networks, Inc."
1768,Pampa Energia S.A.
1769,"Pandora Media, Inc."
1770,Panhandle Royalty Company
1771,PAR Technology Corporation
1772,"Paramount Group, Inc."
1773,Park Electrochemical Corporation
1774,Parker Drilling Company
1775,Parker-Hannifin Corporation
1776,"Parkway Properties, Inc."
1777,"Parsley Energy, Inc."
1778,PartnerRe Ltd.
1779,Party City Holdco Inc.
1780,Patheon N.V.
1781,"Patriot National, Inc."
1782,"Paycom Software, Inc."
1783,PBF Energy Inc.
1784,PBF Logistics LP
1785,"Pearson, Plc"
1786,Pebblebrook Hotel Trust
1787,Pembina Pipeline Corp.
1788,Pengrowth Energy Corporation
1789,Penn West Petroleum Ltd
1790,PennantPark Investment Corporation
1791,Pennsylvania Real Estate Investment Trust
1792,"PennyMac Financial Services, Inc."
1793,PennyMac Mortgage Investment Trust
1794,"Penske Automotive Group, Inc."
1795,Pentair plc.
1796,"Penumbra, Inc."
1797,"Pepsico, Inc."
1798,Performance Food Group Company
1799,Performance Sports Group Ltd
1800,"PerkinElmer, Inc."
1801,Permian Basin Royalty Trust
1802,Perrigo Company
1803,Petrobras Argentina S.A.
1804,PetroChina Company Limited
1805,Petroleo Brasileiro S.A.- Petrobras
1806,Petroquest Energy Inc
1807,"Pfizer, Inc."
1808,Pharmerica Corporation
1809,PHH Corp
1810,Philip Morris International Inc
1811,Philippine Long Distance Telephone Company
1812,Phillips 66
1813,Phillips 66 Partners LP
1814,Phoenix New Media Limited
1815,Physicians Realty Trust
1816,"Piedmont Natural Gas Company, Inc."
1817,"Piedmont Office Realty Trust, Inc."
1818,"Pier 1 Imports, Inc."
1819,PIMCO California Municipal Income Fund
1820,Pimco California Municipal Income Fund II
1821,PIMCO California Municipal Income Fund III
1822,"PIMCO Commercial Mortgage Securities Trust, Inc."
1823,Pimco Corporate & Income Opportunity Fund
1824,Pimco Corporate & Income Stategy Fund
1825,PIMCO Dynamic Credit and Mortgage Income Fund
1826,PIMCO Dynamic Income Fund
1827,Pimco Global Stocksplus & Income Fund
1828,Pimco High Income Fund
1829,Pimco Income Opportunity Fund
1830,PIMCO Income Strategy Fund
1831,PIMCO Income Strategy Fund II
1832,PIMCO Municipal Income Fund
1833,Pimco Municipal Income Fund II
1834,PIMCO Municipal Income Fund III
1835,PIMCO New York Municipal Income Fund
1836,Pimco New York Municipal Income Fund II
1837,PIMCO New York Municipal Income Fund III
1838,"PIMCO Strategic Income Fund, Inc."
1839,"Pinnacle Foods, Inc."
1840,Pinnacle West Capital Corporation
1841,Pioneer Energy Services Corp.
1842,Pioneer Floating Rate Trust
1843,Pioneer High Income Trust
1844,Pioneer Municipal High Income Advantage Trust
1845,Pioneer Municipal High Income Trust
1846,Pioneer Natural Resources Company
1847,Piper Jaffray Companies
1848,Pitney Bowes Inc.
1849,PJT Partners Inc.
1850,"Plains All American Pipeline, L.P."
1851,"Plains Group Holdings, L.P."
1852,"Planet Fitness, Inc."
1853,"Plantronics, Inc."
1854,Platform Specialty Products Corporation
1855,"Ply Gem Holdings, Inc."
1856,"PNC Financial Services Group, Inc. (The)"
1857,"PNM Resources, Inc. (Holding Co.)"
1858,Polaris Industries Inc.
1859,PolyOne Corporation
1860,Portland General Electric Company
1861,POSCO
1862,"Post Holdings, Inc."
1863,"Post Properties, Inc."
1864,Potash Corporation of Saskatchewan Inc.
1865,"PPG Industries, Inc."
1866,"PPL Capital Funding, Inc."
1867,PPL Corporation
1868,PPlus Trust
1869,"Praxair, Inc."
1870,Precision Drilling Corporation
1871,"Preferred Apartment Communities, Inc."
1872,Preferred Plus Trust Ser QWS 2 Tr Ctf
1873,"Press Ganey Holdings, Inc."
1874,"Prestige Brand Holdings, Inc."
1875,"Pretium Resources, Inc."
1876,"Primerica, Inc."
1877,Primero Mining Corp
1878,Principal Financial Group Inc
1879,Principal Real Estate Income Fund
1880,"PrivateBancorp, Inc."
1881,ProAssurance Corporation
1882,Procter & Gamble Company (The)
1883,Progressive Corporation (The)
1884,"ProLogis, Inc."
1885,"PROS Holdings, Inc."
1886,Prospect Capital Corporation
1887,"Prosperity Bancshares, Inc."
1888,Protective Life Corporation
1889,"Proto Labs, Inc."
1890,"Provident Financial Services, Inc"
1891,"Prudential Financial, Inc."
1892,"Prudential Global Short Duration High Yield Fund, Inc."
1893,Prudential Public Limited Company
1894,"Prudential Short Duration High Yield Fund, Inc."
1895,"PS Business Parks, Inc."
1896,"PT Telekomunikasi Indonesia, Tbk"
1897,Public Service Enterprise Group Incorporated
1898,Public Storage
1899,"PulteGroup, Inc."
1900,Puma Biotechnology Inc
1901,"Pure Storage, Inc. "
1902,Putnam High Income Bond Fund
1903,Putnam Managed Municipal Income Trust
1904,Putnam Master Intermediate Income Trust
1905,Putnam Municipal Opportunities Trust
1906,Putnam Premier Income Trust
1907,PVH Corp.
1908,Pzena Investment Management Inc
1909,"Q2 Holdings, Inc."
1910,"QEP Resources, Inc."
1911,"QTS Realty Trust, Inc."
1912,"Quad Graphics, Inc"
1913,Quaker Chemical Corporation
1914,Quanex Building Products Corporation
1915,"Quanta Services, Inc."
1916,Quantum Corporation
1917,Quest Diagnostics Incorporated
1918,Questar Corporation
1919,Quintiles Transitional Holdings Inc.
1920,Quorum Health Corporation
1921,Quotient Technology Inc.
1922,Qwest Corporation
1923,"Rackspace Hosting, Inc"
1924,Radian Group Inc.
1925,RAIT Financial Trust
1926,Ralph Lauren Corporation
1927,Ramco-Gershenson Properties Trust
1928,Range Resources Corporation
1929,"Raymond James Financial, Inc."
1930,Rayonier Advanced Materials Inc.
1931,Rayonier Inc.
1932,Raytheon Company
1933,"RE/MAX Holdings, Inc."
1934,Realogy Holdings Corp.
1935,Realty Income Corporation
1936,"Red Hat, Inc."
1937,Red Lion Hotels Corporation
1938,"Redwood Trust, Inc."
1939,Regal Beloit Corporation
1940,Regal Entertainment Group
1941,Regency Centers Corporation
1942,region
1943,Regional Management Corp.
1944,Regions Financial Corporation
1945,Regis Corporation
1946,"Reinsurance Group of America, Incorporated"
1947,Reliance Steel & Aluminum Co.
1948,RELX N.V.
1949,RELX PLC
1950,RenaissanceRe Holdings Ltd.
1951,Renesola Ltd.
1952,Renren Inc.
1953,"Republic Services, Inc."
1954,ResMed Inc.
1955,Resolute Energy Corporation
1956,Resolute Forest Products Inc.
1957,Resource Capital Corp.
1958,Restaurant Brands International Inc.
1959,Restoration Hardware Holdings Inc.
1960,"Retail Properties of America, Inc."
1961,"Revlon, Inc."
1962,REX American Resources Corporation
1963,"Rexford Industrial Realty, Inc."
1964,Rexnord Corporation
1965,Reynolds American Inc
1966,Rice Energy Inc.
1967,Rice Midstream Partners LP
1968,"Ringcentral, Inc."
1969,Rio Tinto Plc
1970,Ritchie Bros. Auctioneers Incorporated
1971,Rite Aid Corporation
1972,"RiverNorth Opportunities Fund, Inc."
1973,RLI Corp.
1974,RLJ Lodging Trust
1975,"Roadrunner Transportation Systems, Inc"
1976,Robert Half International Inc.
1977,"Rockwell Automation, Inc."
1978,"Rockwell Collins, Inc."
1979,"Rogers Communication, Inc."
1980,Rogers Corporation
1981,"Rollins, Inc."
1982,"Roper Technologies, Inc."
1983,"Rose Rock Midstream, L.P."
1984,Rosetta Stone
1985,Rowan Companies plc
1986,Royal Bank Of Canada
1987,Royal Bank Scotland plc (The)
1988,Royal Caribbean Cruises Ltd.
1989,Royal Dutch Shell PLC
1990,"Royce Global Value Trust, Inc."
1991,"Royce Micro-Cap Trust, Inc."
1992,"Royce Value Trust, Inc."
1993,"RPC, Inc."
1994,RPM International Inc.
1995,"RSP Permian, Inc."
1996,"Ruby Tuesday, Inc."
1997,"Rudolph Technologies, Inc."
1998,"Ryder System, Inc."
1999,Ryerson Holding Corporation
2000,"Ryman Hospitality Properties, Inc."
2001,S&P Global Inc.
2002,Sabine Royalty Trust
2003,"Safe Bulkers, Inc"
2004,"Safeguard Scientifics, Inc."
2005,Salesforce.com Inc
2006,Salient Midstream & MLP Fund
2007,"Sally Beauty Holdings, Inc."
2008,San Juan Basin Royalty Trust
2009,Sanchez Energy Corporation
2010,SandRidge Mississippian Trust I
2011,SandRidge Mississippian Trust II
2012,SandRidge Permian Trust
2013,Sanofi
2014,Santander Consumer USA Holdings Inc.
2015,"Santander Holdings USA, Inc."
2016,SAP SE
2017,Saratoga Investment Corp
2018,Sasol Ltd.
2019,"Saul Centers, Inc."
2020,Scana Corporation
2021,Schlumberger N.V.
2022,"Schweitzer-Mauduit International, Inc."
2023,SCIENCE APPLICATIONS INTERNATIONAL CORPORATION
2024,Scorpio Bulkers Inc.
2025,Scorpio Tankers Inc.
2026,Scotts Miracle-Gro Company (The)
2027,"Scudder Global High Income Fund, Inc."
2028,Scudder High Income Trust
2029,Scudder Multi-Market Income Trust
2030,Scudder Municiple Income Trust
2031,Scudder Strategic Income Trust
2032,Scudder Strategic Municiple Income Trust
2033,"Seabridge Gold, Inc."
2034,"SEACOR Holdings, Inc."
2035,Seadrill Limited
2036,Seadrill Partners LLC
2037,Sealed Air Corporation
2038,Seaspan Corporation
2039,"SeaWorld Entertainment, Inc."
2040,Select Asset Inc.
2041,Select Medical Holdings Corporation
2042,"Selective Insurance Group, Inc."
2043,Semgroup Corporation
2044,Semiconductor  Manufacturing International Corporation
2045,Sempra Energy
2046,Sensata Technologies Holding N.V.
2047,Sensient Technologies Corporation
2048,Sequans Communications S.A.
2049,Seritage Growth Properties
2050,Service Corporation International
2051,"ServiceMaster Global Holdings, Inc."
2052,"ServiceNow, Inc."
2053,"Shake Shack, Inc."
2054,Shaw Communications Inc.
2055,"Shell Midstream Partners, L.P."
2056,Sherwin-Williams Company (The)
2057,Shinhan Financial Group Co Ltd
2058,Ship Finance International Limited
2059,Shopify Inc.
2060,"Shutterstock, Inc."
2061,Sibanye Gold Limited
2062,Signet Jewelers Limited
2063,Silver Bay Realty Trust Corp.
2064,"Silver Spring Networks, Inc."
2065,Silver Wheaton Corp
2066,"Simon Property Group, Inc."
2067,"Simpson Manufacturing Company, Inc."
2068,"SINOPEC Shangai Petrochemical Company, Ltd."
2069,"SiteOne Landscape Supply, Inc."
2070,Six Flags Entertainment Corporation New
2071,SJW Corporation
2072,"SK Telecom Co., Ltd."
2073,"Skechers U.S.A., Inc."
2074,SL Green Realty Corporation
2075,SM Energy Company
2076,Smart
2077,"Smith & Nephew SNATS, Inc."
2078,Smith (A.O.) Corporation
2079,Snap-On Incorporated
2080,Sociedad Quimica y Minera S.A.
2081,Solar Capital Ltd.
2082,"Sonic Automotive, Inc."
2083,Sonoco Products Company
2084,Sony Corp Ord
2085,Sotheby&#39;s
2086,SouFun Holdings Limited
2087,"Source Capital, Inc."
2088,"South Jersey Industries, Inc."
2089,"Southcross Energy Partners, L.P."
2090,Southern California Edison Company
2091,Southern Company (The)
2092,Southern Copper Corporation
2093,Southwest Airlines Company
2094,Southwest Gas Corporation
2095,Southwestern Energy Company
2096,"Sovran Self Storage, Inc."
2097,Sparton Corporation
2098,Special Opportunities Fund Inc.
2099,Spectra Energy Corp
2100,"Spectra Energy Partners, LP"
2101,"Spectrum Brands Holdings, Inc."
2102,"Speedway Motorsports, Inc."
2103,Spire Inc.
2104,"Spirit Aerosystems Holdings, Inc."
2105,"Spirit Realty Capital, Inc."
2106,Sprague Resources LP
2107,Sprint Corporation
2108,SPX Corporation
2109,"SPX FLOW, Inc."
2110,"Square, Inc."
2111,St. Joe Company (The)
2112,"St. Jude Medical, Inc."
2113,"Stag Industrial, Inc."
2114,"Stage Stores, Inc."
2115,"Standard Motor Products, Inc."
2116,Standex International Corporation
2117,"Stanley Black & Decker, Inc."
2118,"Star Gas Partners, L.P."
2119,"StarTek, Inc."
2120,"Starwood Hotels & Resorts Worldwide, Inc."
2121,"STARWOOD PROPERTY TRUST, INC."
2122,State Street Corporation
2123,Statoil ASA
2124,Steel Partners Holdings LP
2125,Steelcase Inc.
2126,Stellus Capital Investment Corporation
2127,Stepan Company
2128,STERIS plc
2129,Sterling Bancorp
2130,Stewart Information Services Corporation
2131,Stifel Financial Corporation
2132,Stillwater Mining Company
2133,STMicroelectronics N.V.
2134,Stone Energy Corporation
2135,Stone Harbor Emerging Markets Income Fund
2136,Stone Harbor Emerging Markets Total Income Fund
2137,Stonegate Mortgage Corporation
2138,StoneMor Partners L.P.
2139,"Stoneridge, Inc."
2140,STORE Capital Corporation
2141,STRATS Trust
2142,Stryker Corporation
2143,"Sturm, Ruger & Company, Inc."
2144,"Suburban Propane Partners, L.P."
2145,Suffolk Bancorp
2146,Sumitomo Mitsui Financial Group Inc
2147,"Summit Hotel Properties, Inc."
2148,"Summit Materials, Inc."
2149,"Summit Midstream Partners, LP"
2150,"Sun Communities, Inc."
2151,Sun Life Financial Inc.
2152,"SunCoke Energy Partners, L.P."
2153,"SunCoke Energy, Inc."
2154,Suncor Energy  Inc.
2155,Sunoco Logistics Partners LP
2156,Sunoco LP
2157,"Sunstone Hotel Investors, Inc."
2158,"SunTrust Banks, Inc."
2159,"Superior Energy Services, Inc."
2160,"Superior Industries International, Inc."
2161,SuperValu Inc.
2162,Swift Transportation Company
2163,"Swiss Helvetia Fund, Inc. (The)"
2164,Synchrony Financial
2165,Syngenta AG
2166,Synnex Corporation
2167,Synovus Financial Corp.
2168,"Synthetic Fixed-Income Securities, Inc."
2169,Sysco Corporation
2170,Systemax Inc.
2171,"Tableau Software, Inc."
2172,"Tahoe Resources, Inc."
2173,"Tailored Brands, Inc."
2174,"Taiwan Fund, Inc. (The)"
2175,Taiwan Semiconductor Manufacturing Company Ltd.
2176,TAL Education Group
2177,Talen Energy Corporation
2178,"Tallgrass Energy GP, LP"
2179,"Tallgrass Energy Partners, LP"
2180,"Tanger Factory Outlet Centers, Inc."
2181,Targa Resources Partners LP
2182,"Targa Resources, Inc."
2183,Target Corporation
2184,Taro Pharmaceutical Industries Ltd.
2185,Tata Motors Ltd
2186,"Taubman Centers, Inc."
2187,Taylor Morrison Home Corporation
2188,"TC PipeLines, LP"
2189,TCF Financial Corporation
2190,TCP International Holdings Ltd.
2191,"TCW Strategic Income Fund, Inc."
2192,TE Connectivity Ltd.
2193,"Team Health Holdings, Inc."
2194,"Team, Inc."
2195,Teck Resources Ltd
2196,Teekay Corporation
2197,Teekay LNG Partners L.P.
2198,Teekay Offshore Partners L.P.
2199,Teekay Tankers Ltd.
2200,TEGNA Inc.
2201,Tejon Ranch Co
2202,Tekla Healthcare Investors
2203,Tekla Healthcare Opportunies Fund
2204,Tekla Life Sciences Investors
2205,Tekla World Healthcare Fund
2206,"Teladoc, Inc."
2207,Telecom Argentina Stet - France Telecom S.A.
2208,Telecom Italia S.P.A.
2209,Teledyne Technologies Incorporated
2210,Teleflex Incorporated
2211,Telefonica Brasil S.A.
2212,Telefonica SA
2213,"Telephone and Data Systems, Inc."
2214,TELUS Corporation
2215,"Templeton Dragon Fund, Inc."
2216,Templeton Emerging Markets Fund
2217,"Templeton Emerging Markets Income Fund, Inc."
2218,"Templeton Global Income Fund, Inc."
2219,"Tempur Sealy International, Inc."
2220,Tenaris S.A.
2221,Tenet Healthcare Corporation
2222,Tennant Company
2223,Tenneco Inc.
2224,Tennessee Valley Authority
2225,Teradata Corporation
2226,"Teradyne, Inc."
2227,Terex Corporation
2228,Ternium S.A.
2229,"Terra Nitrogen Company, L.P."
2230,Terreno Realty Corporation
2231,Tesoro Corporation
2232,Tesoro Logistics LP
2233,"Tetra Technologies, Inc."
2234,Teva Pharmaceutical Industries Limited
2235,Texas Pacific Land Trust
2236,Textainer Group Holdings Limited
2237,Textron Inc.
2238,"Thai Fund, Inc. (The)"
2239,The AES Corporation
2240,The Blackstone Group L.P.
2241,The Charles Schwab Corporation
2242,The Cushing MLP Total Return Fund
2243,The Gabelli Healthcare & Wellness Trust
2244,The GDL Fund
2245,"The Hanover Insurance Group, Inc."
2246,"The Rubicon Project, Inc."
2247,"The Travelers Companies, Inc."
2248,Thermo Fisher Scientific Inc
2249,"Thermon Group Holdings, Inc."
2250,Third Point Reinsurance Ltd.
2251,THL Credit Senior Loan Fund
2252,"THL Credit, Inc."
2253,Thomson Reuters Corp
2254,"Thor Industries, Inc."
2255,Tidewater Inc.
2256,"TIER REIT, Inc."
2257,Tiffany & Co.
2258,"Tilly&#39;s, Inc."
2259,TIM Participacoes S.A.
2260,Time Inc.
2261,Time Warner Inc.
2262,Timken Company (The)
2263,Timken Steel Corporation
2264,"Titan International, Inc."
2265,"TJX Companies, Inc. (The)"
2266,Toll Brothers Inc.
2267,"Tootsie Roll Industries, Inc."
2268,TopBuild Corp.
2269,Torchmark Corporation
2270,Toro Company (The)
2271,Toronto Dominion Bank (The)
2272,"Tortoise Energy Independence Fund, Inc."
2273,Tortoise Energy Infrastructure Corporation
2274,"Tortoise MLP Fund, Inc."
2275,"Tortoise Pipeline & Energy Fund, Inc."
2276,"Tortoise Power and Energy Infrastructure Fund, Inc"
2277,"Total System Services, Inc."
2278,"TotalFinaElf, S.A."
2279,"Tower International, Inc."
2280,"Townsquare Media, Inc."
2281,Toyota Motor Corp Ltd Ord
2282,"TPG Specialty Lending, Inc."
2283,TransAlta Corporation
2284,TransCanada Corporation
2285,"Transcontinental Realty Investors, Inc."
2286,Transdigm Group Incorporated
2287,Transmontaigne Partners L.P.
2288,Transocean Ltd.
2289,Transocean Partners LLC
2290,Transportadora De Gas Sa Ord B
2291,TransUnion
2292,Travelport Worldwide Limited
2293,"TRC Companies, Inc."
2294,Trecora Resources
2295,Tredegar Corporation
2296,"Treehouse Foods, Inc."
2297,"Tremor Video, Inc."
2298,"Trex Company, Inc."
2299,Tri Continental Corporation
2300,"TRI Pointe Group, Inc."
2301,Triangle Capital Corporation
2302,Tribune Media Company
2303,Trina Solar Limited
2304,"TriNet Group, Inc."
2305,"Trinity Industries, Inc."
2306,Trinseo S.A.
2307,TriplePoint Venture Growth BDC Corp.
2308,Triple-S Management Corporation
2309,Triton International Limited
2310,"Triumph Group, Inc."
2311,Tronox Limited
2312,"TrueBlue, Inc."
2313,Tsakos Energy Navigation Ltd
2314,Tupperware Brands Corporation
2315,Turkcell Iletisim Hizmetleri AS
2316,"Turkish Investment Fund, Inc. (The)"
2317,"Turning Point Brands, Inc."
2318,Turquoise Hill Resources Ltd.
2319,Tutor Perini Corporation
2320,Twilio Inc.
2321,"Twitter, Inc."
2322,Two Harbors Investments Corp
2323,Tyco International plc
2324,"Tyler Technologies, Inc."
2325,"Tyson Foods, Inc."
2326,U.S. Bancorp
2327,"U.S. Physical Therapy, Inc."
2328,"U.S. Silica Holdings, Inc."
2329,UBS AG
2330,"UCP, Inc."
2331,UGI Corporation
2332,Ultrapar Participacoes S.A.
2333,"UMH Properties, Inc."
2334,"Under Armour, Inc."
2335,"Unifi, Inc."
2336,Unifirst Corporation
2337,Unilever NV
2338,Unilever PLC
2339,Union Pacific Corporation
2340,Unisys Corporation
2341,Unit Corporation
2342,"United Continental Holdings, Inc."
2343,"United Dominion Realty Trust, Inc."
2344,United Microelectronics Corporation
2345,"United Parcel Service, Inc."
2346,"United Rentals, Inc."
2347,United States Cellular Corporation
2348,United States Steel Corporation
2349,United Technologies Corporation
2350,UnitedHealth Group Incorporated
2351,UNITIL Corporation
2352,Univar Inc.
2353,Universal American Corp.
2354,Universal Corporation
2355,Universal Health Realty Income Trust
2356,"Universal Health Services, Inc."
2357,UNIVERSAL INSURANCE HOLDINGS INC
2358,Universal Technical Institute Inc
2359,Unum Group
2360,Urban Edge Properties
2361,Urstadt Biddle Properties Inc.
2362,US Foods Holding Corp.
2363,"USA Compression Partners, LP"
2364,"USANA Health Sciences, Inc."
2365,USD Partners LP
2366,USG Corporation
2367,"USLIFE Income Fund, Inc."
2368,V.F. Corporation
2369,Vaalco Energy Inc
2370,"Vail Resorts, Inc."
2371,VALE S.A.
2372,"Valeant Pharmaceuticals International, Inc."
2373,Valero Energy Corporation
2374,Valero Energy Partners LP
2375,"Valhi, Inc."
2376,"Validus Holdings, Ltd."
2377,Valley National Bancorp
2378,"Valmont Industries, Inc."
2379,Valspar Corporation (The)
2380,"Vantiv, Inc."
2381,"Varian Medical Systems, Inc."
2382,Vector Group Ltd.
2383,Vectren Corporation
2384,"Vectrus, Inc."
2385,Vedanta  Limited
2386,Veeva Systems Inc.
2387,"Ventas Realty, Limited Partnership // Ventas Capital Corporati"
2388,"Ventas, Inc."
2389,VEREIT Inc.
2390,"Verifone Systems, Inc."
2391,Veritiv Corporation
2392,Verizon Communications Inc.
2393,Vermilion Energy Inc.
2394,Verso Corporation
2395,Viad Corp
2396,Vina Concha Y Toro
2397,Vince Holding Corp.
2398,"Violin Memory, Inc."
2399,Vipshop Holdings Limited
2400,Virtus Global Multi-Sector Income Fund
2401,Virtus Total Return Fund
2402,Visa Inc.
2403,"Vishay Intertechnology, Inc."
2404,"Vishay Precision Group, Inc."
2405,Vista Outdoor Inc.
2406,Visteon Corporation
2407,"Vitamin Shoppe, Inc"
2408,"Vivint Solar, Inc."
2409,"Vmware, Inc."
2410,VOC Energy Trust
2411,"Vocera Communications, Inc."
2412,Vonage Holdings Corp.
2413,Vornado Realty Trust
2414,voxeljet AG
2415,Voya Asia Pacific High Dividend Equity Income Fund
2416,Voya Emerging Markets High Income Dividend Equity Fund
2417,"Voya Financial, Inc."
2418,Voya Global Advantage and Premium Opportunity Fund
2419,Voya Global Equity Dividend and Premium Opportunity Fund
2420,"Voya Infrastructure, Industrials and Materials Fund"
2421,Voya International High Dividend Equity Income Fund
2422,Voya Natural Resources Equity Income Fund
2423,Voya Prime Rate Trust
2424,VTTI Energy Partners LP
2425,Vulcan Materials Company
2426,"W&T Offshore, Inc."
2427,W.P. Carey Inc.
2428,W.R. Berkley Corporation
2429,W.R. Grace & Co.
2430,"W.W. Grainger, Inc."
2431,Wabash National Corporation
2432,Wabco Holdings Inc.
2433,"Waddell & Reed Financial, Inc."
2434,"WageWorks, Inc."
2435,"Walker & Dunlop, Inc."
2436,"Wal-Mart Stores, Inc."
2437,Walt Disney Company (The)
2438,Walter Investment Management Corp.
2439,Washington Real Estate Investment Trust
2440,"Waste Connections, Inc."
2441,"Waste Management, Inc."
2442,Waters Corporation
2443,"Watsco, Inc."
2444,"Watts Water Technologies, Inc."
2445,Wayfair Inc.
2446,"WCI Communities, Inc."
2447,Weatherford International plc
2448,Webster Financial Corporation
2449,"WEC Energy Group, Inc."
2450,Weight Watchers International Inc
2451,Weingarten Realty Investors
2452,"Weis Markets, Inc."
2453,"WellCare Health Plans, Inc."
2454,Wells Fargo & Company
2455,Wells Fargo Global Dividend Opportunity Fund
2456,Welltower Inc.
2457,"Wesco Aircraft Holdings, Inc."
2458,"WESCO International, Inc."
2459,"West Pharmaceutical Services, Inc."
2460,"Westar Energy, Inc."
2461,Western Alliance Bancorporation
2462,Western Asset Bond Fund
2463,Western Asset Corporate Loan Fund Inc
2464,Western Asset Emerging Markets Debt Fund Inc
2465,"Western Asset Emerging Markets Income Fund, Inc"
2466,Western Asset Global Corporate Defined Opportunity Fund Inc.
2467,Western Asset Global High Income Fund Inc
2468,"Western Asset Global Partners Income Fund, Inc."
2469,Western Asset High Income Fund II Inc.
2470,"Western Asset High Income Opportunity Fund, Inc."
2471,Western Asset High Yield Defined Opportunity Fund Inc.
2472,Western Asset Investment Grade Defined Opportunity Trust Inc.
2473,"Western Asset Managed High Income Fund, Inc."
2474,"Western Asset Managed Municipals Fund, Inc."
2475,Western Asset Mortgage Capital Corporation
2476,Western Asset Mortgage Defined Opportunity Fund Inc
2477,Western Asset Municipal Defined Opportunity Trust Inc
2478,"Western Asset Municipal High Income Fund, Inc."
2479,"Western Asset Municipal Partners Fund, Inc."
2480,Western Asset Variable Rate Strategic Fund Inc.
2481,Western Asset Worldwide Income Fund Inc.
2482,Western Asset/Claymore U.S Treasury Inflation Prot Secs Fd 2
2483,Western Asset/Claymore U.S. Treasury Inflation Prot Secs Fd
2484,"Western Gas Equity Partners, LP"
2485,"Western Gas Partners, LP"
2486,"Western Refining Logistics, LP"
2487,"Western Refining, Inc."
2488,Western Union Company (The)
2489,Westinghouse Air Brake Technologies Corporation
2490,Westlake Chemical Corporation
2491,Westlake Chemical Partners LP
2492,"Westmoreland Resource Partners, LP"
2493,Westpac Banking Corporation
2494,Westrock Company
2495,Westwood Holdings Group Inc
2496,WEX Inc.
2497,Weyerhaeuser Company
2498,WGL Holdings Inc
2499,Whirlpool Corporation
2500,"White Mountains Insurance Group, Ltd."
2501,Whitestone REIT
2502,Whitewave Foods Company (The)
2503,Whiting Petroleum Corporation
2504,"Willbros Group, Inc."
2505,"Williams Companies, Inc. (The)"
2506,Williams Partners LP
2507,"Williams-Sonoma, Inc."
2508,"Winnebago Industries, Inc."
2509,Wipro Limited
2510,WNS (Holdings) Limited
2511,"Wolverine World Wide, Inc."
2512,Woori Bank
2513,"Workday, Inc."
2514,Workiva Inc.
2515,World Fuel Services Corporation
2516,"World Point Terminals, LP"
2517,"World Wrestling Entertainment, Inc."
2518,"Worthington Industries, Inc."
2519,WP Glimcher Inc.
2520,"WPX Energy, Inc."
2521,Wyndham Worldwide Corp
2522,Xactly Corporation
2523,Xcel Energy Inc.
2524,"Xenia Hotels & Resorts, Inc."
2525,"Xerium Technologies, Inc."
2526,Xerox Corporation
2527,Xinyuan Real Estate Co Ltd
2528,XL Group Ltd.
2529,"XO Group, Inc."
2530,"XPO Logistics, Inc."
2531,Xylem Inc.
2532,Yadkin Financial Corporation
2533,Yamana Gold Inc.
2534,Yanzhou Coal Mining Company Limited
2535,Yelp Inc.
2536,Yingli Green Energy Holding Company Limited
2537,Yirendai Ltd.
2538,YPF Sociedad Anonima
2539,"Yum! Brands, Inc."
2540,"YuMe, Inc."
2541,ZAIS Financial Corp.
2542,"Zayo Group Holdings, Inc."
2543,"Zendesk, Inc."
2544,Zhaopin Limited
2545,"Zimmer Biomet Holdings, Inc."
2546,Zions Bancorporation
2547,"Zoe&#39;s Kitchen, Inc."
2548,Zoetis Inc.
2549,"Zweig Fund, Inc. (The)"
2550,"Zweig Total Return Fund, Inc. (The)"
2551,
2552,
2553,
2554,
2555,
2556,
2557,
2558,
2559,
2560,
2561,
2562,
2563,
2564,
2565,
2566,
2567,
2568,
2569,
2570,
2571,
2572,
2573,
2574,
2575,
2576,
2577,
2578,
2579,
2580,
2581,
2582,
2583,
2584,
2585,
2586,
2587,
2588,
2589,
2590,
2591,
2592,
2593,
2594,
2595,
2596,
2597,
2598,
2599,
2600,
2601,
2602,
2603,
2604,
2605,
2606,
2607,
2608,
2609,
2610,
2611,
2612,
2613,
2614,
2615,
2616,
2617,
2618,
2619,
2620,
2621,
2622,
2623,
2624,
2625,
2626,
2627,
2628,
2629,
2630,
2631,
2632,
2633,
2634,
2635,
2636,
2637,
2638,
2639,
2640,
2641,
2642,
2643,
2644,
2645,
2646,
2647,
2648,
2649,
2650,
2651,
2652,
2653,
2654,
2655,
2656,
2657,
2658,
2659,
2660,
2661,
2662,
2663,
2664,
2665,
2666,
2667,
2668,
2669,
2670,
2671,
2672,
2673,
2674,
2675,
2676,
2677,
2678,
2679,
2680,
2681,
2682,
2683,
2684,
2685,
2686,
2687,
2688,
2689,
2690,
2691,
2692,
2693,
2694,
2695,
2696,
2697,
2698,
2699,
2700,
2701,
2702,
2703,
2704,
2705,
2706,
2707,
2708,
2709,
2710,
2711,
2712,
2713,
2714,
2715,
2716,
2717,
2718,
2719,
2720,
2721,
2722,
2723,
2724,
2725,
2726,
2727,
2728,
2729,
2730,
2731,
2732,
2733,
2734,
2735,
2736,
2737,
2738,
2739,
2740,
2741,
2742,
2743,
2744,
2745,
2746,
2747,
2748,
2749,
2750,
2751,
2752,
2753,
2754,
2755,
2756,
2757,
2758,
2759,
2760,
2761,
2762,
2763,
2764,
2765,
2766,
2767,
2768,
2769,
2770,
2771,
2772,
2773,
2774,
2775,
2776,
2777,
2778,
2779,
2780,
2781,
2782,
2783,
2784,
2785,
2786,
2787,
2788,
2789,
2790,
2791,
2792,
2793,
2794,
2795,
2796,
2797,
2798,
2799,
2800,
2801,
2802,
2803,
2804,
2805,
2806,
2807,
2808,
2809,
2810,
2811,
2812,
2813,
2814,
2815,
2816,
2817,
2818,
2819,
2820,
2821,
2822,
2823,
2824,
2825,
2826,
2827,
2828,
2829,
2830,
2831,
2832,
2833,
2834,
2835,
2836,
2837,
2838,
2839,
2840,
2841,
2842,
2843,
2844,
2845,
2846,
2847,
2848,
2849,
2850,
2851,
2852,
2853,
2854,
2855,
2856,
2857,
2858,
2859,
2860,
2861,
2862,
2863,
2864,
2865,
2866,
2867,
2868,
2869,
2870,
2871,
2872,
2873,
2874,
2875,
2876,
2877,
2878,
2879,
2880,
2881,
2882,
2883,
2884,
2885,
2886,
2887,
2888,
2889,
2890,
2891,
2892,
2893,
2894,
2895,
2896,
2897,
2898,
2899,
2900,
2901,
2902,
2903,
2904,
2905,
2906,
2907,
2908,
2909,
2910,
2911,
2912,
2913,
2914,
2915,
2916,
2917,
2918,
2919,
2920,
2921,
2922,
2923,
2924,
2925,
2926,
2927,
2928,
2929,
2930,
2931,
2932,
2933,
2934,
2935,
2936,
2937,
2938,
2939,
2940,
2941,
2942,
2943,
2944,
2945,
2946,
2947,
2948,
2949,
2950,
2951,
2952,
2953,
2954,
2955,
2956,
2957,
2958,
2959,
2960,
2961,
2962,
2963,
2964,
2965,
2966,
2967,
2968,
2969,
2970,
2971,
2972,
2973,
2974,
2975,
2976,
2977,
2978,
2979,
2980,
2981,
2982,
2983,
2984,
2985,
2986,
2987,
2988,
2989,
2990,
2991,
2992,
2993,
2994,
2995,
2996,
2997,
2998,
2999,
3000,
3001,
3002,
3003,
3004,
3005,
3006,
3007,
3008,
3009,
3010,
3011,
3012,
3013,
3014,
3015,
3016,
3017,
3018,
3019,
3020,
3021,
3022,
3023,
3024,
3025,
3026,
3027,
3028,
3029,
3030,
3031,
3032,
3033,
3034,
3035,
3036,
3037,
3038,
3039,
3040,
3041,
3042,
3043,
3044,
3045,
3046,
3047,
3048,
3049,
3050,
3051,
3052,
3053,
3054,
3055,
3056,
3057,
3058,
3059,
3060,
3061,
3062,
3063,
3064,
3065,
3066,
3067,
3068,
3069,
3070,
3071,
3072,
3073,
3074,
3075,
3076,
3077,
3078,
3079,
3080,
3081,
3082,
3083,
3084,
3085,
3086,
3087,
3088,
3089,
3090,
3091,
3092,
3093,
3094,
3095,
3096,
3097,
3098,
3099,
3100,
3101,
3102,
3103,
3104,
3105,
3106,
3107,
3108,
3109,
3110,
3111,
3112,
3113,
3114,
3115,
3116,
3117,
3118,
3119,
3120,
3121,
3122,
3123,
3124,
3125,
3126,
3127,
3128,
3129,
3130,
3131,
3132,
3133,
3134,
3135,
3136,
3137,
3138,
3139,
3140,
3141,
3142,
3143,
3144,
3145,
3146,
3147,
3148,
3149,
3150,
3151,
3152,
3153,
3154,
3155,
3156,
3157,
3158,
3159,
3160,
3161,
3162,
3163,
3164,
3165,
3166,
3167,
3168,
3169,
3170,
3171,
3172,
3173,
3174,
3175,